Date,EUNL,EUNA,4GLD,LYMS,SEMI,EIMI,BTC-EUR,LITE,BYDDY,SEDG,S92,TSLA,PLTR,MSTR,RIVN,KO,RHHBY
2006-09-01,,,,5.67,,,,,,,,,,73.123102,,35.974874,67.00889000000001
2006-09-08,,,,5.67,,,,,,,,,,72.40472199999999,,35.599720000000005,67.00889000000001
2006-09-15,,,,5.85,,,,,,,,,,76.539398,,35.599720000000005,67.00889000000001
2006-09-22,,,,5.85,,,,,,,,,,76.715002,,35.112818000000004,67.00889000000001
2006-09-29,,,,5.29,,,,,,,,,,81.280706,,35.663576,67.00889000000001
2006-10-06,,,,5.21,,,,,,,,,,83.64337800000001,,35.727432,67.00889000000001
2006-10-13,,,,5.57,,,,,,,,,,87.809982,,35.13676400000001,67.00889000000001
2006-10-20,,,,5.47,,,,,,,,,,88.416614,,37.31585,67.00889000000001
2006-10-27,,,,5.46,,,,,,,,,,95.935658,,37.411634,67.00889000000001
2006-11-03,,,,5.34,,,,,,,,,,94.913962,,37.1163,67.00889000000001
2006-11-10,,,,5.43,,,,,,,,,,99.790964,,37.092354,67.00889000000001
2006-11-17,,,,5.64,,,,,,,,,,99.68719800000001,,37.722932,67.00889000000001
2006-11-24,,,,5.61,,,,,,,,,,100.54127199999999,,37.451544000000005,72.75593
2006-12-01,,,,5.4,,,,,,,,,,95.033692,,37.172174,71.31917
2006-12-08,,,,5.38,,,,,,,,,,92.75084000000001,,39.039961999999996,71.4389
2006-12-15,,,,5.53,,,,,,,,,,90.268438,,39.055926,71.4389
2006-12-22,,,,5.39,,,,,,,,,,91.63336,,38.616916,71.59854
2006-12-29,,,,5.35,,,,,,,,,,91.00278200000001,,38.51315,71.39899
2007-01-05,,,,5.34,,,,,,,,,,92.239992,,38.521132,74.03305
2007-01-12,,,,5.69,,,,,,,,,,97.508112,,38.75261,73.87340999999999
2007-01-19,,,,5.55,,,,,,,,,,97.268652,,38.521132,76.82675
2007-01-26,,,,5.52,,,,,,,,,,100.525308,,38.177906,74.47206
2007-02-02,,,,5.53,,,,,,,,,,98.27438400000001,,38.505168000000005,75.90881999999999
2007-02-09,,,,5.58,,,,,,,,,,99.63132399999999,,38.122032,72.19719
2007-02-16,,,,5.56,,,,,,,,,,100.89248,,38.209834,74.35233000000001
2007-02-23,,,,5.62,,,,,,,,,,102.12969000000001,,37.75486,72.27701
2007-03-02,,,,5.32,,,,,,,,,,98.521826,,36.629398,70.88016
2007-03-09,,,,5.35,,,,,,,,,,98.873034,,37.970374,69.579094
2007-03-16,,,,5.23,,,,,,,,,,97.835374,,37.683022,70.28151
2007-03-23,,,,5.31,,,,,,,,,,102.792196,,38.35351,71.87791
2007-03-30,,,,5.42,,,,,,,,,,100.88449800000001,,38.3136,70.6407
2007-04-05,,,,5.33,,,,,,,,,,99.05662,,39.526864,72.71602
2007-04-13,,,,5.37,,,,,,,,,,92.319812,,39.814216,73.87340999999999
2007-04-20,,,,5.45,,,,,,,,,,93.477202,,41.578238000000006,77.62495
2007-04-27,,,,5.48,,,,,,,,,,92.51138,,41.554292000000004,76.14828
2007-05-04,,,,5.55,,,,,,,,,,93.125994,,42.472222,77.30566999999999
2007-05-11,,,,5.57,,,,,,,,,,82.797286,,42.057158,74.83125
2007-05-18,,,,5.54,,,,,,,,,,82.877106,,42.009266000000004,74.15278
2007-05-25,,,,5.63,,,,,,,,,,82.2146,,41.418598,74.15278
2007-06-01,,,,5.75,,,,,,,,,,82.98087199999999,,42.14496,73.79359000000001
2007-06-08,,,,5.66,,,,,,,,,,78.62270000000001,,41.242994,70.84025
2007-06-15,,,,5.8,,,,,,,,,,76.643164,,41.171155999999996,70.72052
2007-06-22,,,,5.79,,,,,,,,,,76.212136,,41.203084,68.08646
2007-06-29,,,,5.69,,,,,,,,,,75.42191799999999,,41.753842000000006,70.99989000000001
2007-07-06,,,,5.83,,,,,,,,,,77.07419200000001,,41.98532,71.71827
2007-07-13,,,,5.88,,,,,,,,,,76.6272,,42.392402000000004,71.63845
2007-07-20,,,,5.94,,,,,,,,,,72.987408,,42.472222,72.83575
2007-07-27,,,,5.85,,,,,,,,,,59.122673999999996,,41.729896000000004,69.12411999999999
2007-08-03,,,,5.68,,,,,,,,,,55.331224,,42.528096000000005,69.80259000000001
2007-08-10,,,,5.6,,,,,,,,,,55.98566818,,43.885036,69.60304000000001
2007-08-17,,,,5.45,,,,,,,,,,55.91391,,43.46199,67.92681999999999
2007-08-24,,,,5.74,,,,,,,,,,60.70311,,43.1028,70.08196
2007-08-31,,,,5.7,,,,,,,,,,55.267368,,42.927196,69.8425
2007-09-07,,,,5.95,,,,,,,,,,55.586648000000004,,43.573738000000006,70.80034
2007-09-14,,,,5.74,,,,,,,,,,55.003962,,45.01848,69.56313
2007-09-21,,,,5.81,,,,,,,,,,57.70986,,45.13821,71.95773000000001
2007-09-28,,,,5.93,,,,,,,,,,63.329188,,45.872554,72.07746
2007-10-05,,,,6.05,,,,,,,,,,64.558416,,46.351474,71.83800000000001
2007-10-12,,,,6.18,,,,,,,,,,63.416990000000006,,46.13596,73.27476
2007-10-19,,,,6.13,,,,,,,,,,67.623504,,46.902232,69.24385
2007-10-26,,,,6.13,,,,,,,,,,68.661164,,49.145174000000004,68.80484
2007-11-02,,,,6.08,,,,,,,,,,80.187172,,48.299082,67.52772
2007-11-09,,,,5.7,,,,,,,,,,80.53838,,48.554505999999996,67.64745
2007-11-16,,,,5.57,,,,,,,,,,85.638878,,49.983284,71.11962
2007-11-23,,,,5.47,,,,,,,,,,85.255742,,49.72786,77.50522
2007-11-30,,,,5.75,,,,,,,,,,80.49847,,49.568220000000004,76.14828
2007-12-07,,,,5.8,,,,,,,,,,82.01505,,50.40633,71.95773000000001
2007-12-14,,,,5.78,,,,,,,,,,76.020568,,50.933142000000004,69.48331
2007-12-21,,,,5.83,,,,,,,,,,75.765144,,50.342474,67.4479
2007-12-28,,,,5.78,,,,,,,,,,75.805054,,49.703914000000005,68.84475
2008-01-04,,,,5.45,,,,,,,,,,67.05678200000001,,49.36867,68.32592
2008-01-11,,,19.45,5.25,,,,,,,,,,58.12492399999999,,50.901214,74.55188000000001
2008-01-18,,,19.42,5.11,,,,,,,,,,56.728074,,48.482668000000004,73.51422
2008-01-25,,,20.13,4.99,,,,,,,,,,56.959552,,46.622862,70.48106
2008-02-01,,,19.74,4.95,,,,,,,,,,57.805644,,47.301332,73.95323
2008-02-08,,,20.35,4.88,,,,,,,,,,53.59913,,47.293350000000004,69.64295
2008-02-15,,,19.84,4.85,,,,,,,,,,53.144156,,46.902232,70.6407
2008-02-22,,,20.51,4.91,,,,,,,,,,53.686932000000006,,46.503132,72.39674000000001
2008-02-29,,,20.58,4.69,,,,,,,,,,53.096264,,46.662772000000004,78.38324
2008-03-07,,,20.5,4.5,,,,,,,,,,52.62532600000001,,46.974070000000005,75.0308
2008-03-14,,,20.61,4.44,,,,,,,,,,54.852304000000004,,45.920446000000005,73.841482
2008-03-20,,,19.2,4.44,,,,,,,,,,59.050836000000004,,48.722128,74.03305
2008-03-28,,,18.94,4.58,,,,,,,,,,58.70761,,48.642308,75.35008
2008-04-04,,,18.54,4.74,,,,,,,,,,64.12738800000001,,48.09155,75.62945
2008-04-11,,,18.71,4.62,,,,,,,,,,59.713342000000004,,48.123478,70.95998
2008-04-18,,,18.68,4.84,,,,,,,,,,67.240368,,47.979802,66.52996999999999
2008-04-25,,,18.36,4.85,,,,,,,,,,70.129852,,47.357206,67.96673000000001
2008-05-02,,,17.88,5.17,,,,,,,,,,58.595862,,46.910214,65.81159000000001
2008-05-09,,,18.19,5.11,,,,,,,,,,61.597094000000006,,44.81893,63.69636
2008-05-16,,,18.67,5.19,,,,,,,,,,62.507042000000006,,45.553274,68.16628
2008-05-23,,,18.88,4.98,,,,,,,,,,63.25735,,46.798466000000005,67.92681999999999
2008-05-30,,,18.34,5.259,,,,,,,,,,63.544702,,45.704932,69.24385
2008-06-06,,,18.29,5.19,,,,,,,,,,61.166066,,44.53956,70.60079
2008-06-13,,,18.12,5.04,,,,,,,,,,59.888946000000004,,44.236244,67.72727
2008-06-20,,,18.63,5.069,,,,,,,,,,58.2686,,42.831412,65.77168
2008-06-27,,,18.9,4.73,,,,,,,,,,54.51706,,41.378688000000004,68.56538
2008-07-04,,,19.07,4.62,,,,,,,51.0,,,50.621844,,41.091336,70.80034
2008-07-11,,,19.4,4.621,,,,,,,52.0,,,51.978784000000005,,40.125514,70.6407
2008-07-18,,,19.5,4.64,,,,,,,51.5,,,50.310546,,39.933946,70.32142
2008-07-25,,,18.91,4.71,,,,,,,51.8,,,49.40858,,41.554292000000004,72.43665
2008-08-01,,,18.8,4.77,,,,,,,54.74,,,48.338992000000005,,42.416348,73.07521
2008-08-08,,,18.29,5.01,,,,,,,54.1,,,49.943374,,44.228262,69.8425
2008-08-15,,,17.14,5.36,,,,,,,61.6,,,52.633308,,43.948892,69.00439
2008-08-22,,,17.93,5.23,,,,,,,62.7,,,53.31976,,43.398134,66.6497
2008-08-29,,,18.27,5.14,,,,,,,59.97,,,51.212512,,41.562274,66.88916
2008-09-05,,,18.18,4.95,,,,,,,55.05,,,51.28435,,41.450526,65.65195
2008-09-12,,,17.15,4.99,,,,,,,54.8,,,51.587666,,43.5019,67.24835
2008-09-19,,,19.13,4.84,,,,,,,56.56,,,47.05389,,42.081104,65.37258
2008-09-26,,,19.75,4.51,,,,,,,55.11,,,49.560238000000005,,41.889536,64.01564
2008-10-03,,,19.55,4.46,,,,,,,55.4,,,42.312582,,41.961374,62.41924
2008-10-10,,,21.36,3.64,,,,,,,40.98,,,32.526650000000004,,33.1253,52.082550000000005
2008-10-17,,,18.61,3.86,,,,,,,47.0,,,33.00557,,35.280440000000006,57.0713
2008-10-24,,,18.1,3.81,,,,,,,38.0,,,32.382974000000004,,33.213102,56.664218
2008-10-31,,,18.3,4.15,,,,,,,35.0,,,31.425134,,35.168692,60.50356
2008-11-07,,,18.52,3.99,,,,,13.888679999999999,,36.6,,,29.964428,,36.91675,57.59013000000001
2008-11-14,,,18.87,3.87,,,,,13.76895,,31.2,,,28.344082,,35.934964,58.587880000000006
2008-11-21,,,20.27,3.37,,,,,10.53624,,23.57,,,26.803556,,35.1208,50.00723
2008-11-28,,,20.64,3.73,,,,,12.3721,,36.0,,,28.479776,,37.411634,55.63454
2008-12-05,,,18.95,3.55,,,,,11.973,,29.9,,,27.625702,,36.701236,54.397330000000004
2008-12-12,,,19.88,3.62,,,,,11.973,,28.24,,,26.492258,,35.575774,57.191030000000005
2008-12-19,,,19.4,3.54,,,,,13.40976,,32.59,,,28.687307999999998,,35.464026000000004,57.191030000000005
2008-12-26,,,19.25,3.47,,,,,12.172550000000001,,36.85,,,27.944982,,35.583756,59.457918
2009-01-02,,,19.78,3.369,,,,,13.050570000000002,,37.5,,,29.756896,,36.63738,60.743019999999994
2009-01-09,,,20.46,3.66,,,,,13.5694,,34.17,,,30.299672,,35.599720000000005,30.65088
2009-01-16,,,20.31,3.63,,,,,14.168050000000001,,33.29,,,30.13205,,34.993088,30.084158
2009-01-23,,,22.31,3.61,,,,,14.24787,,30.16,,,30.116086,,33.68404,29.413670000000003
2009-01-30,,,23.17,3.76,,,,,15.1658,,30.29,,,30.890340000000002,,34.099104,28.024802
2009-02-06,,,22.86,3.94,,,,,15.964,,31.4,,,33.260994000000004,,34.76161,24.90384
2009-02-13,,,23.44,3.89,,,,,17.400760000000002,,30.15,,,32.36701,,35.00107,25.46258
2009-02-20,,,25.44,3.71,,,,,15.80436,,31.0,,,31.544864000000004,,34.194888000000006,24.241334000000002
2009-02-27,,,24.08,3.55,,,,,15.884179999999999,,31.01,,,29.158246000000002,,32.60647,22.38951
2009-03-06,,,23.86,3.4,,,,,15.32544,,29.0,,,26.979159999999997,,31.20962,22.11014
2009-03-13,,,23.26,3.62,,,,,15.524989999999999,,30.45,,,26.715754,,32.901804,24.58456
2009-03-20,,,22.59,3.58,,,,,14.92634,,29.4,,,27.617720000000002,,34.035248,25.50249
2009-03-27,,,22.37,3.821,,,,,14.96625,,34.86,,,27.25853,,35.99882,26.26078
2009-04-03,,,21.57,3.9,,,,,15.660684000000002,,38.29,,,30.435366000000002,,35.895054,27.05898
2009-04-09,,,21.5,4.06,,,,,15.884179999999999,,37.9,,,30.866394000000003,,35.911018000000006,26.22087
2009-04-17,,,21.45,4.15,,,,,19.27653,,37.5,,,31.920018000000002,,35.934964,26.157014000000004
2009-04-24,,,22.05,4.11,,,,,20.59356,,43.67,,,31.457061999999997,,34.154978,24.26528
2009-05-01,,,21.48,4.29,,,,,22.26978,,47.43,,,31.002088000000004,,33.899554,25.286976
2009-05-08,,,21.72,4.17,,,,,27.81727,,49.0,,,34.969142000000005,,34.258744,25.470562
2009-05-15,,,22.05,4.07,,,,,28.016820000000003,,51.8,,,36.685272000000005,,35.887072,25.74195
2009-05-22,,,21.99,4.07,,,,,30.57106,,54.06,,,36.166442,,37.75486,26.54015
2009-05-29,,,22.26,4.03,,,,,35.919000000000004,,56.95,,,37.35576,,39.239512,27.330368000000004
2009-06-05,,,22.05,4.16,,,,,34.76161,,58.5,,,39.047944,,39.463008,26.14105
2009-06-12,,,21.64,4.26,,,,,33.44458,,58.75,,,38.95216,,39.023998,27.106872000000003
2009-06-19,,,21.54,4.21,,,,,31.225583999999998,,52.29,,,41.602184,,38.960142000000005,26.875394000000004
2009-06-26,,,21.5,4.24,,,,,34.12305,,52.3,,,40.54856,,38.417366,27.154764000000004
2009-07-03,,,21.43,4.16,,,,,33.24503,,54.5,,,39.375206,,39.03198,27.170728
2009-07-10,,,21.04,4.1,,,,,33.00557,,51.2,,,40.756092,,38.561042,26.699790000000004
2009-07-17,,,21.4,4.33,,,,,44.61938,,50.48,,,43.06289,,40.165424,27.937
2009-07-24,,,21.6,4.49,,,,,42.58397,,52.86,,,47.0938,,39.399152,30.283708
2009-07-31,,,21.3,4.58,,,,,45.4974,,56.11,,,48.626344,,39.782288,31.401188000000005
2009-08-07,,,21.63,4.57,,,,,46.77452,,59.5,,,50.629826,,39.383188000000004,31.010070000000002
2009-08-14,,,21.35,4.6,,,,,46.694700000000005,,55.21,,,49.256922,,38.688754,31.010070000000002
2009-08-21,,,21.43,4.61,,,,,44.89875,,53.8,,,49.480418,,39.838162,31.872126
2009-08-28,,,21.4,4.62,,,,,46.81443,,52.26,,,49.312796,,39.159692,31.688540000000003
2009-09-04,,,22.35,4.55,,,,,56.87175,,51.58,,,52.010712,,39.870090000000005,31.297422
2009-09-11,,,22.2,4.65,,,,,61.74077,,62.0,,,53.136174,,41.115282,31.640648000000002
2009-09-18,,,22.12,4.69,,,,,66.01114,,69.24,,,53.662986000000004,,42.911232,32.68629
2009-09-25,,,21.71,4.64,,,,,68.56538,,67.32,,,56.927623999999994,,42.280654,32.071676000000004
2009-10-02,,,22.1,4.57,,,,,61.62104,,65.12,,,55.530773999999994,,42.999034,31.856161999999998
2009-10-09,,,22.92,4.66,,,,,71.67836,,66.61,,,57.478382,,43.62163,32.095622
2009-10-16,,,22.8,4.72,,,,,81.4164,,61.67,,,58.843304,,43.908982,31.800288000000002
2009-10-23,,,22.51,4.69,,,,,88.75984000000001,,65.0,,,60.42374,,42.496168000000004,31.80827
2009-10-30,16.75,,22.62,4.63,,,,,87.4029,,65.19,,,69.658914,,42.552042,31.84818
2009-11-06,16.78,,23.68,4.65,,,,,73.4344,,67.34,,,68.852732,,43.493918,31.473026
2009-11-13,17.19,,24.09,4.805,,,,,76.6272,,72.4,,,71.75818000000001,,45.066372,31.752396
2009-11-20,17.29,,24.73,4.74,,,,,68.11838800000001,,85.59,,,71.406972,,45.880536,32.00782
2009-11-27,16.79,,25.28,4.74,,,,,66.2506,,88.05,,,70.32142,,45.641076,33.093372
2009-12-04,17.395,,25.15,4.825,,,,,77.8245,,92.6,,,71.67836,,45.888518000000005,33.061444
2009-12-11,17.455,,24.42,4.907,,,,,70.6407,,92.79,,,69.507256,,47.181602,32.526650000000004
2009-12-18,17.65,,24.84,5.02,,,,,65.33267,,91.81,,,70.393258,,45.433544000000005,33.48449
2009-12-24,17.99,,24.54,5.17,,,,,68.68511,,90.2,,,76.116352,,45.848608,34.482240000000004
2009-12-31,18.01,,24.5,5.21,,,,,69.714788,,93.25,,,75.046764,,45.4974,33.68404
2010-01-08,18.41,,25.28,5.27,,,,,68.2461,,97.4,,,75.82900000000001,,44.02073,34.873357999999996
2010-01-15,18.32,,25.3,5.205,,,,,65.29276,,90.7,,,82.68553800000001,,44.930678,35.887072
2010-01-22,18.12,,24.91,5.198,,,,,56.83184000000001,,86.43,,,77.43338200000001,,43.294368000000006,35.16071
2010-01-29,17.94,,24.93,5.078,,,,,57.957302,,85.0,,,74.807304,,43.302350000000004,33.48449
2010-02-05,17.63,,24.86,5.095,,,,,57.66995,,79.3,,,63.161566,,42.376438,31.64863
2010-02-12,17.73,,25.69,5.19,,,,,60.232172,,73.75,,,67.68736,,43.086836,33.1253
2010-02-19,18.62,,26.59,5.41,,,,,62.2596,,82.58,,,68.373812,,44.475704,33.883590000000005
2010-02-26,18.37,,26.29,5.333,,,,,61.8605,,76.47,,,70.736484,,42.081104,33.292922000000004
2010-03-05,19.0,,26.92,5.54,,,,,66.05105,,82.74,,,72.899606,,43.66154,33.692022
2010-03-12,19.07,,25.86,5.598,,,,,69.890392,,84.3,,,69.826536,,42.58397,32.590506
2010-03-19,19.43,,26.26,5.72,,,,,69.890392,,87.3,,,71.255314,,43.70145,33.013552
2010-03-26,19.7,,26.41,5.84,,,,,69.890392,,92.91,,,67.84700000000001,,43.62163,31.712486
2010-04-01,19.82,,26.77,5.815,,,,,69.890392,,87.89,,,68.222154,,44.14046,32.430866
2010-04-09,20.06,,27.7,5.9,,,,,69.890392,,93.11,,,68.21417199999999,,43.573738000000006,32.534632
2010-04-16,20.25,,27.13,5.985,,,,,69.890392,,93.21,,,67.28027800000001,,43.877054,32.949696
2010-04-23,20.21,,27.83,6.115,,,,,69.890392,,90.11,,,70.065996,,43.007016,32.16746
2010-04-30,20.09,,28.6,6.113,,,,,69.890392,,92.19,,,61.14212,,42.663790000000006,31.44908
2010-05-07,19.78,,30.4,5.86,,,,,69.890392,,90.66,,,54.940106,,42.041194000000004,29.166228
2010-05-14,20.41,,31.85,6.133,,,,,69.890392,,90.0,,,61.533238000000004,,42.575988,29.094390000000004
2010-05-21,18.68,,30.3,5.82,,,,,69.890392,,84.39,,,60.98248000000001,,41.179138,27.274494
2010-05-28,19.18,,31.35,6.01,,,,,69.890392,,82.45,,,61.509292,,41.02748,27.378259999999997
2010-06-04,19.7,,32.28,6.22,,,,,69.890392,,82.71,,,59.545719999999996,,40.923714000000004,27.65763
2010-06-11,19.82,,32.66,6.075,,,,,69.890392,,88.1,,,60.42374,,41.22703,26.979159999999997
2010-06-18,20.07,,32.75,6.218,,,,,69.890392,,88.89,,,62.66668200000001,,41.753842000000006,27.937
2010-06-25,19.46,,32.78,5.985,,,,,69.890392,,82.24,,,60.655218,,40.117532,28.13655
2010-07-02,18.31,,30.82,5.495,,,,,69.890392,,86.0,,,59.44993600000001,,39.949909999999996,27.5379
2010-07-09,19.18,,30.75,5.715,,,,,69.890392,,98.36,13.888679999999999,,60.20822600000001,,41.82568,28.439866000000002
2010-07-16,18.8,,29.61,5.645,,,,,69.890392,,97.21,16.474848,,60.415758,,41.801733999999996,27.521935999999997
2010-07-23,19.31,,29.85,5.79,,,,,69.890392,,98.65,16.993678,,65.05330000000001,,43.70145,25.58231
2010-07-30,19.21,,28.95,5.705,,,,,69.890392,,94.85,15.916108000000001,,66.242618,,43.988802,25.981409999999997
2010-08-06,19.2,,29.2,5.673,,,,,69.890392,,92.09,15.636738000000001,,61.796644,,45.297850000000004,27.338350000000002
2010-08-13,19.28,,30.54,5.713,,,,,69.890392,,85.55,14.623024000000001,,59.30626,,44.483686,26.955214
2010-08-20,19.16,,31.12,5.73,,,,,69.890392,,86.26,15.245620000000002,,61.40552600000001,,44.14046,26.891358
2010-08-27,18.97,,31.26,5.6,,,,,69.890392,,82.34,15.72454,,61.89242800000001,,44.826912,26.715754
2010-09-03,19.58,,31.22,5.78,,,,,69.890392,,84.04,16.802110000000003,,65.444418,,45.944392,27.825252
2010-09-10,19.97,,31.52,5.945,,,,,69.890392,,84.24,16.099694000000003,,65.69186,,46.710664,28.152514000000004
2010-09-17,19.79,,31.46,5.985,,,,,69.890392,,78.85,16.147586,,67.392026,,45.944392,27.1388
2010-09-24,19.87,,30.91,5.99,,,,,69.890392,,78.19,16.04382,,69.634968,,46.790484,27.25853
2010-10-01,19.15,,30.77,5.8,,,,,69.890392,,80.65,16.44292,,70.08196,,47.189583999999996,27.761396
2010-10-08,19.29,,31.06,5.825,,,,,69.890392,,80.0,16.307226,,70.48106,,47.421062,28.93475
2010-10-15,19.47,,31.47,5.94,,,,,69.890392,,85.3,16.395028,,71.79809,,47.844108,29.517436
2010-10-22,19.63,,30.55,6.038,,,,,69.890392,,82.9,16.538704,,72.284992,,49.177102,29.1343
2010-10-29,19.56,,31.22,6.125,,,,,69.890392,,84.8,17.432688,,72.34086599999999,,48.945624,29.33385
2010-11-05,19.79,,31.85,6.22,,,,,69.890392,,83.58,19.508008,,71.4389,,49.951356,29.772859999999998
2010-11-12,20.17,,32.26,6.27,,,,,69.890392,,71.0,23.818288,,70.624736,,50.222744000000006,28.823002
2010-11-19,20.17,,31.88,6.25,,,,,69.890392,,66.99,24.736218,,72.11737,,51.340224,29.357796
2010-11-26,20.43,,32.96,6.52,,,,,69.890392,,70.95,28.192424000000003,,71.33513400000001,,51.172602,27.97691
2010-12-03,20.73,,33.81,6.535,,,,,69.890392,,68.66,25.135317999999998,,70.536934,,51.4839,28.328118000000003
2010-12-10,21.19,,33.55,6.68,,,,,69.890392,,70.66,25.159264,,71.391008,,51.60363,28.830983999999997
2010-12-17,21.31,,33.5,6.77,,,,,69.890392,,72.82,25.031552,,70.2416,,52.44174,28.527668000000002
2010-12-23,21.7,,33.87,6.813,,,,,69.890392,,71.43,24.017838,,68.030586,,52.345956,28.926768000000003
2010-12-31,21.5,,34.22,6.725,,,,,69.890392,,69.5,21.256066,,68.222154,,52.497614,29.25403
2011-01-07,22.01,,34.09,7.02,,,,,69.890392,,68.2,22.541168,,71.207422,,50.222744000000006,28.192424000000003
2011-01-14,21.87,,32.66,6.945,,,,,69.890392,,63.2,20.55365,,72.947498,,50.390366,28.447848
2011-01-21,21.49,,31.84,6.74,,,,,69.890392,,72.95,18.390528,,72.6362,,50.103014,29.413670000000003
2011-01-28,21.4,,31.47,6.715,,,,,69.890392,,73.76,19.164782000000002,,84.17019,,49.656022,30.499222000000003
2011-02-04,21.91,,31.9,6.86,,,,,69.890392,,73.0,18.725772000000003,,89.206832,,49.935392,29.45358
2011-02-11,21.99,,32.3,7.005,,,,,69.890392,,75.0,18.55815,,93.692716,,50.741574,29.301922
2011-02-18,22.34,,32.73,7.038,,,,,69.890392,,82.23,18.502276000000002,,93.133976,,51.52381,29.158246000000002
2011-02-25,21.77,,32.85,6.833,,,,,69.890392,,79.29,18.845502,,93.34949,,51.332242,29.57331
2011-03-04,21.57,,32.89,6.78,,,,,69.890392,,75.41,19.91509,,98.553754,,52.050622,28.862911999999998
2011-03-11,21.14,,32.86,6.615,,,,,69.890392,,68.96,19.212674,,93.716662,,51.731342000000005,28.376009999999997
2011-03-18,20.37,,32.19,6.303,,,,,69.890392,,79.33,18.326672000000002,,90.388168,,50.047140000000006,27.793324000000002
2011-03-25,21.06,,32.6,6.618,,,,,69.890392,,80.0,18.15905,,96.62211,,52.058604,28.45583
2011-04-01,21.27,,32.29,6.665,,,,,69.890392,,87.0,21.280012,,109.87223,,53.655004,28.870894000000003
2011-04-08,21.02,,32.8,6.47,,,,,6.209996,,81.36,21.144318,,105.47414799999999,,53.694914,29.33385
2011-04-15,20.78,,33.07,6.405,,,,,5.834842,,76.91,20.417956,,102.9678,,54.285582000000005,29.796806
2011-04-21,20.92,,33.21,6.53,,,,,6.138158000000001,,78.64,21.343868,,105.106976,,54.181816,30.794556
2011-04-29,20.97,,33.47,6.498,,,,,5.842824,,80.49,22.030320000000003,,112.78566000000001,,53.846571999999995,32.351046000000004
2011-05-06,21.21,,33.02,6.648,,,,,5.587400000000001,,76.0,21.647184000000003,,107.988478,,53.39958000000001,32.949696
2011-05-13,21.35,,34.09,6.75,,,,,5.683184,,79.12,21.99041,,107.99646000000001,,54.421276000000006,33.380724
2011-05-20,21.27,,34.28,6.645,,,,,5.587400000000001,,75.54,22.325654,,110.81410600000001,,54.51706,33.907536
2011-05-27,21.18,,34.61,6.565,,,,,5.204264,,70.6,23.58681,,116.305722,,53.08828200000001,34.625916000000004
2011-06-03,20.96,,33.94,6.35,,,,,4.996732,,73.86,24.049765999999998,,114.43793400000001,,52.306046,35.04098
2011-06-10,20.23,,34.39,6.22,,,,,4.3901,,73.89,22.237852,,111.61230600000002,,52.194298,33.253012
2011-06-17,20.37,,34.59,6.17,,,,,4.4379919999999995,,71.12,21.1523,,112.14710000000001,,52.377884,32.821984
2011-06-24,20.32,,34.19,6.305,,,,,4.924894,,75.12,22.002383000000002,,125.90806800000001,,51.82712600000001,32.7262
2011-07-01,20.89,,32.91,6.485,,,,,5.1723360000000005,,77.58,23.163764,,132.828462,,54.349438000000006,33.24503
2011-07-08,21.23,,34.84,6.8,,,,,5.132426,,74.0,22.996142,,131.479504,,54.82037600000001,32.558578
2011-07-15,20.96,,36.17,6.65,,,,,4.517812,,71.2,22.014356,,135.446558,,53.902446000000005,33.44458
2011-07-22,21.2,,35.98,6.725,,,,,4.972786,,68.8,23.379278,,137.034976,,55.658486,35.00107
2011-07-29,20.59,,36.41,6.625,,,,,5.204264,,64.0,22.485294000000003,,127.209134,,54.285582000000005,35.575774
2011-08-05,19.25,,37.59,6.17,,,,,4.66947,,56.76,19.348368,,102.48888000000001,,53.295814,33.891572000000004
2011-08-12,18.76,,39.05,6.065,,,,,4.517812,,73.1,21.000642,,97.87528400000001,,53.591148000000004,32.470776
2011-08-19,17.89,,41.42,5.775,,,,,4.0788020000000005,,71.58,17.799860000000002,,84.545344,,53.559219999999996,32.526650000000004
2011-08-26,18.23,,39.69,5.975,,,,,3.288584,,72.39,18.941286,,91.601432,,54.676700000000004,34.04323
2011-09-02,18.79,,42.34,6.16,,,,,3.168854,,69.9,18.414474000000002,,88.608182,,55.666467999999995,34.96116
2011-09-09,18.84,,43.63,6.408,,,,,3.0890340000000003,,64.06,18.334654,,83.196386,,55.371134000000005,31.728450000000002
2011-09-16,19.28,,42.11,6.683,,,,,2.865538,,56.13,20.59356,,97.06112,,56.855786,31.32935
2011-09-23,18.32,,39.85,6.523,,,,,2.51433,,44.27,21.056516,,92.120262,,53.814644,30.363528
2011-09-30,18.71,,38.79,6.515,,,,,2.618096,,39.37,19.468098,,91.050674,,53.926392,32.103604
2011-10-07,19.0,,39.29,6.545,,,,,2.55424,,41.43,21.543418,,92.583218,,52.601380000000006,32.08764
2011-10-14,19.39,,38.81,6.8,,,,,3.057106,,40.05,22.38951,,108.379596,,54.157869999999996,32.00782
2011-10-21,19.55,,37.95,6.765,,,,,2.9054480000000003,,38.43,22.373546,,106.192528,,54.429258,32.542614
2011-10-28,20.1,,39.51,6.795,,,,,3.6477740000000005,,43.0,23.842234,,114.42995200000001,,55.019926000000005,33.572292000000004
2011-11-04,19.75,,41.0,6.85,,,,,3.783468,,42.56,25.789842000000004,,92.88653400000001,,54.101996,32.247279999999996
2011-11-11,19.94,,41.49,6.865,,,,,3.3604220000000002,,50.0,26.851448,,103.61434200000001,,54.373384,31.010070000000002
2011-11-18,19.47,,41.08,6.725,,,,,3.839342,,39.72,26.021320000000003,,99.343972,,53.790698,30.842448
2011-11-25,18.9,,41.03,6.575,,,,,3.623828,,38.1,25.271012000000002,,87.578504,,51.675467999999995,29.230083999999998
2011-12-02,20.24,,42.02,6.955,,,,,3.8074139999999996,,42.19,26.58006,,96.83762399999999,,52.984516,31.856161999999998
2011-12-09,20.19,,41.31,6.908,,,,,3.639792,,38.425,24.776128,,96.957354,,53.934374,33.36476
2011-12-16,20.01,,39.21,6.903,,,,,3.3444580000000004,,40.84,22.349600000000002,,86.74837600000001,,53.830608,33.68404
2011-12-23,20.6,,39.65,6.975,,,,,3.4402419999999996,,42.035,22.26978,,85.68677,,55.826108,33.76386
2011-12-30,20.8,,38.99,7.055,,,,,3.3763860000000006,,43.165,22.796592,,86.461024,,55.850054,33.963409999999996
2012-01-06,21.32,,41.0,7.39,,,,,3.448224,,43.075,21.479562,,85.702734,,55.019926000000005,34.36251
2012-01-13,21.48,,41.49,7.46,,,,,4.206513999999999,,48.09,18.190978,,84.800768,,53.471418,34.154978
2012-01-20,21.66,,41.27,7.508,,,,,4.58965,,45.0,21.232120000000002,,91.960622,,54.349438000000006,34.92125
2012-01-27,21.57,,42.26,7.455,,,,,4.884984,,47.3,23.411206,,91.51363,,53.830608,34.418383999999996
2012-02-03,22.17,,42.68,7.693,,,,,5.100498,,49.665,24.86393,,100.93239,,54.341456,34.178924
2012-02-10,21.97,,41.92,7.725,,,,,5.284084,,51.07,24.82402,,97.955104,,54.229708,35.312368
2012-02-17,22.38,,42.03,7.835,,,,,5.100498,,46.67,27.913054,,100.65302,,55.11571,35.176674
2012-02-24,22.1,,42.46,7.735,,,,,5.076552,,39.5,26.93925,,110.007924,,55.0758,35.32035
2012-03-02,22.51,,41.75,8.02,,,,,4.996732,,35.4,27.170728,,108.132154,,55.21947600000001,34.40242
2012-03-09,22.57,,41.89,8.07,,,,,4.645524,,32.66,27.729468,,104.76375,,55.482882000000004,34.426366
2012-03-16,22.97,,40.41,8.24,,,,,4.517812,,33.3,28.192424000000003,,104.36465,,56.001712,34.92125
2012-03-23,22.53,,40.25,8.213,,,,,4.246424,,36.36,27.202656,,110.89392600000001,,57.063317999999995,34.64188
2012-03-30,22.53,,40.13,8.28,,,,,4.414046,,33.98,29.724968000000004,,111.748,,59.074782000000006,34.833448000000004
2012-04-05,22.61,,40.1,8.445,,,,,4.3022979999999995,,30.04,27.521935999999997,,115.94653199999999,,58.643754,34.202870000000004
2012-04-13,22.25,,40.99,8.275,,,,,4.501848,,31.2,26.811538000000002,,117.41522,,57.422508,34.08314
2012-04-20,22.34,,39.94,8.175,,,,,4.43001,,32.765,26.468311999999997,,115.89864,,59.170566,36.940696
2012-04-27,22.48,,40.4,8.27,,,,,4.158622,,32.0,26.611988000000004,,112.63400200000001,,61.166066,36.39792
2012-05-04,22.12,,40.2,8.088,,,,,4.014946,,32.6,25.406706,,121.581824,,61.461400000000005,35.879090000000005
2012-05-11,22.23,,39.47,8.168,,,,,3.5919,,31.38,25.74195,,114.014888,,61.836554,33.572292000000004
2012-05-18,21.38,,40.32,7.85,,,,,3.07307,,26.79,21.998392,,103.00771000000002,,59.10671,32.183424
2012-05-25,21.85,,40.21,8.065,,,,,3.256656,,24.97,23.794342,,101.179832,,60.04858600000001,31.776342000000003
2012-06-01,21.43,,41.84,8.003,,,,,3.144908,,24.8,22.46933,,94.90598000000001,,58.340438000000006,31.081908
2012-06-08,21.84,,40.79,8.155,,,,,3.11298,,25.68,24.009856,,97.508112,,60.056568,32.023784
2012-06-15,22.0,,41.4,8.11,,,,,3.049124,,26.135,23.874162000000002,,99.240206,,60.735038,32.88584
2012-06-22,22.09,,40.09,8.195,,,,,3.065088,,27.4,26.967187,,103.07954799999999,,59.817108,33.819734
2012-06-29,22.41,,40.56,8.215,,,,,3.097016,,26.99,24.975678,,103.65425200000001,,62.411258,34.498204
2012-07-06,22.93,,41.49,8.47,,,,,2.969304,,25.88,24.736218,,95.44077399999999,,62.37933,33.939464
2012-07-13,23.03,,41.86,8.411,,,,,2.777736,,22.08,27.338350000000002,,93.03819200000001,,61.684896,34.075158
2012-07-20,23.31,,41.87,8.665,,,,,2.7537900000000004,,24.7,25.374778,,92.056406,,61.485346,34.5109752
2012-07-27,23.22,,42.14,8.475,,,,,2.7458080000000002,,25.91,23.554882000000003,,93.453256,,63.86398200000001,34.490222
2012-08-03,23.58,,41.71,8.683,,,,,2.71388,,26.97,21.766914,,97.643806,,64.518506,35.919000000000004
2012-08-10,23.92,,42.42,8.843,,,,,2.937376,,26.065,23.898108,,101.882248,,62.890178000000006,35.695504
2012-08-17,24.19,,42.25,9.033,,,,,2.825628,,26.76,23.953982000000003,,101.21974200000001,,31.552846000000002,36.07864
2012-08-24,23.67,,42.75,8.871,,,,,2.7937000000000003,,26.15,23.5469,,99.439756,,30.706754,36.4841256
2012-08-31,23.54,,42.87,8.839,,,,,2.817646,,24.63,22.764664,,100.18208200000001,,29.85268,36.3181
2012-09-07,23.67,,43.65,8.849,,,,,3.104998,,25.81,23.42717,,103.678198,,30.25178,37.63513
2012-09-14,23.79,,43.41,8.717,,,,,3.43226,,27.345,24.257298000000002,,106.20051000000001,,30.427384,37.722932
2012-09-21,23.9,,43.92,8.859,,,,,3.200782,,28.105,23.961964000000002,,107.69314399999999,,30.355546,38.425348
2012-09-28,23.55,,44.41,8.729,,,,,2.7537900000000004,,27.215,23.371296,,107.014674,,30.275726,37.507418
2012-10-05,23.74,,43.94,8.696,,,,,2.809664,,28.41,23.059998,,99.29608,,30.794556,39.19162
2012-10-12,23.31,,43.77,8.412,,,,,2.9054480000000003,,26.91,22.062248,,94.395132,,30.515186,39.008034
2012-10-19,23.58,,42.56,8.31,,,,,3.128944,,17.88,22.142068,,94.29934800000001,,29.85268,40.189370000000004
2012-10-26,23.28,,42.62,8.224,,,,,3.104998,,17.04,21.854716,,87.65034200000001,,29.565328,38.904268
2012-11-02,23.65,,42.1,8.383,,,,,3.23271,,16.09,23.082507239999998,,77.002354,,29.597255999999998,38.55306
2012-11-09,23.29,,43.87,8.189,,,,,3.9750360000000002,,15.855,24.201424,,76.323884,,28.966678,37.858626
2012-11-16,22.7,,43.36,7.9,,,,,3.919162,,15.61,25.414608180000002,,73.258796,,29.182192000000004,36.844912
2012-11-23,23.31,,43.39,8.159,,,,,3.991,,15.985,25.646166000000004,,68.88466,,30.275726,38.600952
2012-11-30,23.44,,42.35,8.242,,,,,3.998982,,16.555,26.995124,,70.632718,,30.267744,39.279422000000004
2012-12-07,23.64,,42.23,8.193,,,,,3.967054,,16.915,27.274494,,70.688592,,30.100122000000002,39.558792000000004
2012-12-14,23.44,,41.52,7.984,,,,,3.927144,,18.6,26.987142000000002,,72.63803586,,30.060211999999996,40.54856
2012-12-21,23.64,,40.38,8.009,,,,,4.094766,,18.95,27.1388,,76.754912,,29.445598,40.97958800000001
2012-12-28,23.39,,40.47,7.896,,,,,4.621578,,19.01,26.516204,,74.67161,,28.711254,40.301118
2013-01-04,24.37,,40.44,8.321,,,,,4.7073845,,21.8,27.45808,,74.22461799999999,,30.060211999999996,41.171155999999996
2013-01-11,24.04,,39.98,8.175,,,,,5.280093,,22.0,26.268762,,74.982908,,29.461561999999997,42.847376000000004
2013-01-18,24.2,,40.84,8.18,,,,,5.475652,,20.88,27.553864000000004,,74.863178,,30.092140000000004,42.575988
2013-01-25,24.23,,39.72,8.095,,,,,5.316012000000001,,21.605,29.517436,,81.264742,,29.57331,43.901
2013-02-01,24.05,,39.24,8.01,,,,,5.323994,,18.38,30.57106,,81.70375200000001,,29.964428,44.699200000000005
2013-02-08,24.5,,40.1,8.279,,,,,5.8986979999999996,,18.0,31.321368000000003,,78.96592600000001,,30.946214000000005,43.908982
2013-02-15,24.57,,38.71,8.275,,,,,6.5312715,,20.9,29.565328,,83.076656,,29.868644000000003,44.627362
2013-02-22,24.75,,38.39,8.248,,,,,6.098248,,22.5,28.823002,,81.61595,,30.746664000000003,45.577220000000004
2013-03-01,25.1,,39.0,8.416,,,,,5.683184,,22.33,27.65763,,82.286438,,30.890340000000002,45.41758
2013-03-08,25.64,,39.0,8.61,,,,,5.651256,,22.2,30.706754,,91.146458,,31.305404,44.699200000000005
2013-03-15,25.76,,39.24,8.566,,,,,4.821128,,21.83,28.168478,,89.621896,,30.994106,46.01623
2013-03-22,25.73,,39.85,8.587,,,,,5.092516,,20.75,29.230083999999998,,82.901052,,31.959928,46.17587
2013-03-28,26.07,,40.03,8.745,,,,,5.02866,,18.67,30.243798,,80.682056,,32.279208,46.77452
2013-04-05,25.41,,38.67,8.455,,,,,4.3901,,18.225,33.021533999999996,,80.255019,,31.991856,47.261422
2013-04-12,25.9,,36.79,8.661,,,,,4.613596,,18.795,34.92125,,82.118816,,32.790056,48.49065
2013-04-19,25.43,,34.38,8.492,,,,,4.916912,,17.5,38.177906,,76.43563200000001,,34.051212,48.77002
2013-04-26,26.14,,36.2,8.691,,,,,5.691166,,18.27,40.86784,,77.992122,,33.604220000000005,49.384634
2013-05-03,26.58,,35.99,8.974,,,,,5.874752,,19.25,43.54181,,72.74794800000001,,33.715968000000004,50.103014
2013-05-10,27.05,,35.39,9.17,,,,,6.369636000000001,,19.9,61.2730248,,75.58954,,33.64413,50.76552
2013-05-17,27.64,,34.2,9.385,,,,,6.98425,,21.105,73.0353,,76.58729000000001,,34.298654,50.390366
2013-05-24,26.98,,34.52,9.209,,,,,6.417528,,22.19,77.489256,,73.761662,,33.715968000000004,52.649271999999996
2013-05-31,26.86,,34.59,9.309,,,,,6.928376,,25.665,78.032032,,73.01933600000001,,31.920018000000002,49.75978800000001
2013-06-07,26.18,,33.56,9.025,,,,,6.70488,,24.3,81.448328,,71.606522,,33.053461999999996,49.344724
2013-06-14,25.81,,33.46,8.836,,,,,6.329726,,24.24,80.05946,,72.588308,,32.199388000000006,49.20903
2013-06-21,25.3,,31.66,8.707,,,,,5.982509,,22.62,79.46081,,67.264314,,31.736432,46.89425
2013-06-28,26.01,,29.98,8.96,,,,,5.236192,,22.93,85.69475200000001,,69.411472,,32.015802,49.380643000000006
2013-07-05,26.4,,30.43,9.17,,,,,5.818878,,20.8,95.855838,,71.630468,,32.343064000000005,49.632076
2013-07-12,26.97,,31.59,9.323,,,,,5.858788,,23.19,103.68618000000001,,77.992122,,32.750146,51.0848
2013-07-19,27.11,,31.7,9.22,,,,,6.361654,,25.6,95.528576,,77.241814,,32.798038000000005,49.815661999999996
2013-07-26,26.73,,32.0,9.161,,,,,6.46542,,26.1,103.27909799999999,,77.72073400000001,,32.438848,50.2866
2013-08-02,27.1,,31.74,9.367,,,,,6.22596,,23.82,110.1516,,75.90881999999999,,32.103604,49.04939
2013-08-09,26.89,,31.73,9.298,,,,,6.3856,,25.9,122.1246,,79.30117,,32.055712,51.2460364
2013-08-16,26.73,,33.04,9.226,,,,,6.297798,,25.755,113.34440000000001,,76.87464200000001,,31.16971,51.068836
2013-08-23,26.5,,33.57,9.27,,,,,6.577168,,25.56,129.1798898,,75.90881999999999,,30.746664000000003,52.32201
2013-08-30,26.25,,34.18,9.274,,,,,5.699148,,24.26,134.8958,,73.282742,,30.475276,49.695932
2013-09-06,26.98,,33.83,9.504,,,,,6.321744,,24.12,133.275454,,74.55188000000001,,30.610970000000002,49.999248
2013-09-13,27.27,,31.84,9.523,,,,,7.103980000000001,,25.18,132.134028,,84.744894,,30.882358,50.813412
2013-09-20,27.44,,31.8,9.544,,,,,6.7208440000000005,,24.5,146.381898,,86.64461,,31.44908,52.928642
2013-09-27,27.11,,31.79,9.501,,,,,6.86452,,25.345,152.37638,,82.877106,,30.65088,53.82262600000001
2013-10-04,26.84,,30.96,9.46,,,,,7.503080000000001,,27.125,144.458236,,84.257992,,29.693040000000003,52.59659080000001
2013-10-11,27.13,,30.03,9.47,,,,,7.90218,,26.88,142.63834,,81.887338,,30.148014000000003,52.473667999999996
2013-10-18,27.58,,30.87,9.719,,,,,8.029892,,26.975,146.38988,,79.963676,,30.954196000000003,53.75877
2013-10-25,27.57,,31.33,9.77,,,,,8.125676,,31.525,135.422612,,80.011568,,31.153746,55.618576000000004
2013-11-01,27.99,,31.33,9.982,,,,,7.822360000000001,,30.095,129.444094,,97.603896,,31.616702,55.442972
2013-11-08,28.25,,30.97,10.018,,,,,7.66272,,29.2,110.11169,,99.160386,,31.96791,54.668718
2013-11-15,28.5,,30.7,10.105,,,,,7.774468000000001,,29.25,108.11618999999999,,101.35543600000001,,32.103604,55.578666
2013-11-22,28.39,,29.58,10.075,,,,,7.838324,,27.38,96.885516,,101.076066,,32.271226,55.945838
2013-11-29,28.41,,29.58,10.247,,,,,7.734558,,29.45,101.594896,,103.23120600000001,,32.079658,55.91391
2013-12-06,27.92,,28.97,10.212,,,,,8.333207999999999,,24.395,109.64075200000002,,101.036156,,32.295172,54.968042999999994
2013-12-13,27.4,,28.92,10.065,,,,,7.910162000000001,,22.155,117.8574228,,99.128458,,31.313385999999998,52.617344
2013-12-20,28.25,,28.32,10.315,,,,,7.38335,,23.83,114.334168,,97.635824,,31.959928,54.445221999999994
2013-12-27,28.34,,28.15,10.387,,,,,7.511062,,22.99,120.62398400000001,,99.543522,,32.454812,55.905129800000005
2014-01-03,28.51,,28.07,10.362,,,,,7.638774000000001,,22.96,119.378792,,98.386132,,32.295172,55.562702
2014-01-10,28.61,,29.26,10.334,,,,,7.710612,,29.42,116.31362418,,98.23447399999999,,32.031766000000005,56.983498000000004
2014-01-17,29.05,,29.74,10.613,,,,,7.519044,,30.205,135.701982,,98.12272600000001,,31.353296,54.83634000000001
2014-01-24,28.07,,29.7,10.393,,,,,7.1838,,29.135,139.36572,,95.081584,,31.002088000000004,54.165852
2014-01-31,28.06,,29.6,10.398,,,,,7.519044,,31.09,144.80146200000001,,100.33374,,30.187924000000002,54.756519999999995
2014-02-07,27.98,,29.81,10.37,,,,,7.830342000000001,,31.645,148.888246,,98.992764,,30.291690000000003,56.71211
2014-02-14,28.63,,30.96,10.68,,,,,8.532758,,36.5,158.227186,,103.90169399999999,,31.073926,58.98698
2014-02-21,28.78,,30.95,10.726,,,,,8.764236,,37.52,167.30272,,105.45020200000002,,29.677076,60.18428000000001
2014-02-28,28.92,,30.88,10.77,,,,,10.687898,,43.405,195.407342,,103.071566,,30.491240000000005,30.634916000000004
2014-03-07,28.78,,31.07,10.661,,,,,11.047088,,46.6,196.524822,,104.85155200000001,,30.770609999999998,29.57331
2014-03-14,28.05,,31.8,10.465,,,,,10.85552,,45.665,184.360254,,100.32575800000001,,30.467294000000003,28.950714000000005
2014-03-21,28.62,,31.11,10.677,,,,,10.153104,,43.97,182.699998,,99.25617,,30.682807999999998,29.868644000000003
2014-03-28,28.89,,30.2,10.465,,,,,9.49858,,43.605,169.513734,,90.59570000000001,,31.089890000000004,29.916535999999997
2014-04-04,29.36,,30.65,10.464,,,,,9.929608,,39.36,169.397995,,89.127012,,30.507204,29.33385
2014-04-11,28.25,,30.48,10.056,,,,,10.3766,,34.6,162.657196,,80.251028,,30.834466000000003,28.272244
2014-04-17,28.77,,30.22,10.207,,,,,9.849788,,31.945,158.139384,,83.4119,,32.502704,28.910804
2014-04-25,28.81,,30.21,10.251,,,,,9.49858,,31.345,159.52027,,96.42256,,32.734182,28.8170155
2014-05-02,29.12,,30.18,10.371,,,,,8.636524,,29.025,168.348362,,95.001764,,32.68629,28.950714000000005
2014-05-09,29.18,,30.09,10.279,,,,,7.598864,,29.26,145.479932,,96.917444,,32.622434,28.81502
2014-05-16,29.37,,30.36,10.409,,,,,8.18155,,26.61,152.90319200000002,,105.067066,,32.638398,30.108104
2014-05-23,29.84,,30.49,10.768,,,,,8.628542000000001,,28.48,165.46686000000003,,113.839284,,32.390956,29.868644000000003
2014-05-30,30.1,,29.35,10.979,,,,,7.8415168,,29.365,165.842014,,112.64198400000001,,32.654362,29.445598
2014-06-06,30.48,,29.52,11.135,,,,,8.237424,,28.17,166.1620922,,114.174528,,32.718218,29.996356
2014-06-13,30.58,,30.28,11.177,,,,,8.92116212,,27.065,164.764444,,114.366096,,32.223334,29.477526
2014-06-20,30.86,,31.15,11.209,,,,,8.955804,,32.305,183.258738,,115.41972,,33.276958,29.988374
2014-06-27,30.59,,31.15,11.259,,,,,9.41612594,,27.69,190.817692,,112.34665,,33.676058,29.605238000000003
2014-07-04,31.1,,31.24,11.554,,,,,9.438715,,28.38,182.98735,,114.62152,,33.707986,30.0490372
2014-07-11,30.6,,31.6,11.375,,,,,9.6418569,,26.125,174.111366,,112.18701000000001,,33.500454,29.509454
2014-07-18,30.96,,31.1,11.512,,,,,10.041356,,27.05,175.62004382,,111.38881,,33.867626,29.269994
2014-07-25,31.22,,31.08,11.684,,,,,10.232924,,26.2,178.453574,,110.67043000000001,,32.7262,29.457571
2014-08-01,30.44,,30.99,11.466,,,,,10.248888,,19.865,186.19611400000002,,111.91562200000001,,31.361278,28.950714000000005
2014-08-08,30.12,,31.42,11.461,,,,,10.45642,,19.99,198.057366,,114.03085200000001,,31.488990000000005,28.671344
2014-08-15,30.71,,31.31,11.771,,,,,10.488348,,21.15,209.136382,,107.64525200000001,,32.630416000000004,28.846948
2014-08-22,31.55,,31.11,12.188,,,,,10.089248000000001,,22.43,204.961796,,109.14586800000001,,32.821984,28.990624
2014-08-29,31.97,,31.47,12.348,,,,,10.600096,,24.4,215.27454,,110.89392600000001,,33.300904,29.142281999999998
2014-09-05,32.37,,31.43,12.459,,,,,11.67503194,,25.5,221.412698,,110.31922200000001,,33.396688000000005,28.966678
2014-09-12,32.18,,30.57,12.528,,,,,11.67503194,,25.385,222.85744,,111.157332,,33.093372,29.293940000000003
2014-09-19,32.66,,30.5,12.703,,,,,10.78376182,,23.145,206.989224,,109.584878,,33.56431,30.040257
2014-09-26,32.3,,30.79,12.583,,,,,10.632024000000001,,21.2,196.83612,,104.739804,,33.68404,29.525418000000002
2014-10-03,31.55,,30.87,12.425,,,,,10.384582,,19.8,203.70862200000002,,109.185778,,34.3226,28.759146
2014-10-10,31.15,,31.1,12.342,,,,,10.384582,,17.11,189.101562,,117.782392,,35.495954,27.418170000000003
2014-10-17,30.66,,31.09,11.978,,,,,10.009428,,19.055,181.574536,,115.97846000000001,,34.226816,28.260271000000003
2014-10-24,31.73,,31.23,12.633,,,,,10.360636000000001,,19.28,187.76856800000002,,125.7165,,32.750146,29.198156
2014-10-31,32.95,,29.93,13.175,,,,,10.10537164,,19.82,192.92494,,128.414416,,33.428616000000005,29.381742000000003
2014-11-07,33.21,,30.16,13.323,,,,,9.690148,,18.275,191.72764,,125.668608,,33.779824,29.182192000000004
2014-11-14,33.22,,30.25,13.464,,,,,9.817860000000001,,18.1,206.478376,,133.09985,,34.107085999999995,29.469544000000003
2014-11-21,33.9,,31.23,13.674,,,,,9.635580000000001,,21.595,195.92346,,133.78446,,35.911500000000004,30.093030000000002
2014-11-28,33.89,,30.53,13.919,,,,,9.71388,,21.135,196.300656,,137.872872,,35.989523999999996,30.072888
2014-12-05,34.2,,31.21,13.966,,,,,8.90892,,15.4,182.010456,,138.116736,,35.416008,30.684924000000002
2014-12-12,32.57,,31.54,13.503,,,,,7.89168,,14.66,166.014,,126.90848000000001,,32.80982,29.56172
2014-12-19,33.95,,31.49,13.954,,,,,6.1974675,,15.25,179.269575,,134.11905000000002,,34.294125,28.179225
2014-12-26,34.31,,31.1,14.019,,,,,6.54,,14.995,186.24285,,133.89015,,35.1198,27.9789375
2015-01-02,34.32,,31.31,14.113,,,,,6.7497300000000005,,15.3,182.751023,,135.927896,,35.115262,28.257202999999997
2015-01-09,34.41,,33.09,14.153,,,,,6.4566,,14.145,174.42104,,134.71928,,36.31732,29.0758
2015-01-16,35.09,,35.75,14.193,,,,,6.232323999999999,,14.355,166.88970799999998,,136.48011599999998,,36.762932,31.554922
2015-01-23,36.76,,36.81,15.109,,,,,6.815644,,14.24,179.570809,,147.38384100000002,,38.636851,31.526814
2015-01-30,36.07,,36.35,14.739,,,,,6.4124680000000005,,10.99,180.32852,,143.12912,,36.464269,29.901232
2015-02-06,36.94,,35.02,14.984,,,,,6.079168,,12.695,192.05929600000002,,154.771376,,36.625220000000006,29.73314
2015-02-13,37.22,,34.65,15.235,,,,,6.605567999999999,,12.525,178.991568,,159.201216,,36.884016,28.640231999999997
2015-02-20,37.6,,34.18,15.506,,,,,7.612202499999999,,12.365,190.731135,,157.734675,,36.870644999999996,30.150119999999998
2015-02-27,38.44,,34.92,15.841,,,,,7.737030900000001,,11.97,181.52161800000002,,159.20411800000002,,38.653909999999996,30.467851000000003
2015-03-06,39.04,,34.73,16.21,,,,,8.7822,,12.545,178.8543,,149.1867,,38.3022,30.396375000000003
2015-03-13,39.61,,35.25,16.311,,,,,8.60750812,,12.05,179.585624,,156.34266799999997,,37.986337999999996,31.338014999999995
2015-03-20,39.85,,35.17,16.428,,,,,9.537035999999999,,12.745,183.105152,,161.54814399999998,,37.576859999999996,32.511148
2015-03-27,38.87,,35.41,15.8,,,,,8.732082,,11.52,169.867,,156.213366,,36.801456,31.44835
2015-04-02,39.19,,35.45,15.85,,,,,10.742939999999999,21.182874,12.1,175.3762,,155.653264,,37.352376,31.934996
2015-04-10,40.82,,36.64,16.6,,,,,11.63617,22.735286,13.085,198.70998,,165.817778,,38.517136,33.466944000000005
2015-04-17,39.91,,35.94,16.097,,,,,10.471,22.89375,14.15,191.28075,,157.85125000000002,,37.277499999999996,32.782
2015-04-24,40.38,,34.87,16.654,,,,,11.36852345,22.881377,13.63,200.7981025,,160.960237,,37.590177000000004,33.3108355
2015-05-01,38.84,,33.92,15.875,,,,,10.829664000000001,23.900256000000002,13.375,201.799584,,163.09670400000002,,36.524448,32.176512
2015-05-08,39.09,,33.97,15.849,,,,,10.808242,27.68833,13.955,210.653883,,161.00185199999999,,36.484494,31.943964
2015-05-15,38.53,,34.38,15.666,,,,,10.838894,32.62149,16.565,217.33685599999998,,156.16392,,36.263568,32.726298
2015-05-22,40.0,,35.17,16.385,,,,,12.763668000000001,31.064916,17.855,224.889294,,159.13734000000002,,37.410438000000006,33.434274
2015-05-29,39.58,,34.84,16.403,,,,,12.400124,34.036704,17.015,228.00228,,159.983418,,37.236736,34.963986
2015-06-05,38.75,,33.84,16.091,,,,,12.244917000000001,35.430186000000006,19.12,224.151258,,162.332871,,36.07797,32.452179
2015-06-12,38.41,,33.72,15.793,,,,,12.38481,32.937380000000005,20.39,222.56258200000002,,158.69425,,35.476488,31.996312
2015-06-19,38.39,,34.08,15.939,,,,,10.874175,37.1571,19.845,231.140055,,156.456045,,35.572199999999995,31.601145
2015-06-26,39.06,,33.84,16.108,,,,,10.809892,34.194008,21.68,239.20580399999997,,155.709016,,35.824,32.371462
2015-07-03,38.48,,33.8,15.924,,,,,9.923248,32.322204,20.85,250.78591199999997,,154.55369199999998,,35.367244,31.498252
2015-07-10,38.29,,33.5,15.627,,,,,7.984896000000001,28.57344,24.78,232.1984,,157.4272,,36.189440000000005,32.73984
2015-07-17,40.17,,33.51,16.881,,,,,8.64851,28.93605,31.17,253.51118000000002,,171.33649,,38.073750000000004,33.72642
2015-07-24,39.12,,31.84,16.56,,,,,8.130765,26.80512,30.36,241.65580500000002,,165.192015,,36.82062,32.74158
2015-07-31,39.28,,31.88,16.443,,,,,7.992433999999999,28.100961,30.22,242.276345,,185.564655,,37.395123999999996,32.870933
2015-08-07,39.01,,32.18,16.187,,,,,8.806056,26.062644,30.87,221.072116,,196.55007600000002,,38.077532,32.08832
2015-08-14,38.4,,32.24,16.006,,,,18.297,8.2638,24.552000000000003,36.28,218.835,,196.92000000000002,,37.125,31.851000000000003
2015-08-21,35.89,,32.89,14.86,,,,18.663875,6.877089,19.709052,30.655,202.685291,,179.17319999999998,,34.719199,29.932463999999996
2015-08-28,36.33,,32.59,15.291,,,,17.808480000000003,7.54536,22.716540000000002,33.5,222.14112,,179.68506000000002,,35.2683,30.539039999999996
2015-09-04,35.17,,32.42,14.855,,,,17.10579,6.9069,23.80638,33.085,217.01121,,175.30071,,34.552440000000004,29.92392
2015-09-11,35.11,,31.32,14.92,,,,15.613136,7.705184000000001,25.381264,31.265,220.61158400000002,,177.32502399999998,,33.615408,29.634984000000003
2015-09-18,35.27,,32.15,15.127,,,,15.095303999999999,8.26353,24.39288,31.325,230.335956,,182.66378400000002,,34.450524,29.315646
2015-09-25,35.23,,32.89,15.122,,,,15.16314,8.84963,21.91422,29.73,229.42063000000002,,183.23467,,35.38066,28.3081
2015-10-02,34.73,,32.5,14.669,,,,14.054768000000001,9.98816,20.24386,37.93,220.782926,,177.325512,,36.019802,29.714776
2015-10-09,36.25,,32.77,15.166,,,,13.33077,9.905624999999999,21.325709999999997,39.75,194.317545,,180.722625,,36.99861,28.93323
2015-10-16,36.41,,33.46,15.409,,,,12.74807,10.968449999999999,19.77845,38.08,199.99581,,178.93991000000003,,37.01962,30.11258
2015-10-23,38.08,,33.93,16.529,,,,13.491551,11.259593,18.980716,42.885,189.707357,,170.735714,,38.823367,30.802835
2015-10-30,38.17,,33.3,16.736,,,,13.025022,11.380999,16.794466999999997,43.9,187.954519,,156.291181,,38.466505,30.800452999999997
2015-11-06,39.03,,32.55,17.272,,,,14.961170000000001,11.56302,19.10412,43.265,216.32716000000002,,165.39215000000002,,39.06476,31.26298
2015-11-13,38.09,,32.46,16.724,,,,16.362864000000002,11.001335999999998,15.778476000000001,44.155,192.18944399999998,,156.643812,,38.384088,30.72675
2015-11-20,39.51,,32.54,17.395,,,,17.664471,11.400674,17.157357,46.985,206.611391,,162.66151100000002,,39.846013,31.365940000000002
2015-11-27,39.62,,32.11,17.512,,,,18.88944,9.96864,18.011519999999997,46.45,218.63984,,165.72863999999998,,40.733599999999996,31.61456
2015-12-04,38.29,,32.08,16.996,,,,18.66392,9.80958,17.341279999999998,45.5,211.60403,,162.42754,,39.761865,31.642325000000003
2015-12-11,36.78,,31.48,16.415,,,,18.501264,9.114192,18.101039999999998,43.315,197.40139200000002,,158.397744,,38.448792000000005,30.680807999999995
2015-12-18,37.35,,31.63,16.642,,,,19.358904,9.872673,24.796695,52.01,212.04624600000002,,161.698374,,39.10425,30.998168999999997
2015-12-25,37.92,,31.59,16.756,,,,19.119678,10.286718,25.716795,55.17,212.147457,,163.41896100000002,,40.061154,31.826259000000004
2015-12-31,38.03,,31.45,16.97,,,,20.055816,9.88218,25.657236000000005,51.72,218.601108,,163.297332,,39.127968,31.395276
2016-01-08,35.38,,32.63,15.559,,,,17.891531999999998,8.78112,24.431637,51.02,193.0017,,135.512805,,37.969196999999994,29.974719
2016-01-15,34.18,,31.97,14.94,,,,17.769855,8.175415,22.85088,41.24,187.66834500000002,,137.260915,,37.993249999999996,29.218182499999998
2016-01-22,34.99,,32.71,15.473,,,,18.18664,8.5655,23.81672,46.0,187.56130000000002,,138.81666,,38.94756,30.372799999999998
2016-01-29,35.45,,33.22,15.476,,,,18.214736000000002,8.3420352,26.098864,45.01,176.51584,,159.261232,,39.623744,29.930144000000002
2016-02-05,33.84,,33.38,14.385,,,,21.31584,8.189440000000001,25.625600000000002,42.63,145.68959999999998,,140.18816,,38.02624,28.394240000000003
2016-02-12,32.76,,35.41,14.158,,,,20.523991,7.415635,23.108362,39.575,134.138624,,134.90239,,38.285991,27.770887
2016-02-19,34.27,,35.59,14.848,,,,21.442421,8.506901000000001,22.798854,43.515,149.638814,,137.664475,,39.318591000000005,29.042039
2016-02-26,35.36,,35.85,15.366,,,,21.9432,8.877853,22.58321,41.775,174.027862,,144.98969400000001,,39.442902000000004,29.861037999999997
2016-03-04,36.28,,37.15,15.6,,,,22.708412999999997,10.0484046,24.107810999999998,41.965,182.685048,,153.552126,,40.082757,28.614962999999996
2016-03-11,36.08,,36.26,15.385,,,,22.739131,9.617299000000001,24.872325,41.74,185.98225,,152.899817,,40.51276,28.009375
2016-03-18,36.2,,35.72,15.496,,,,23.125136,9.948774,23.23154,40.68,206.37055800000002,,155.278904,,40.43352,26.716271
2016-03-24,35.87,,35.17,15.56,,,,23.701491,9.549759,21.493608,41.18,201.94592500000002,,153.239494,,40.415786,26.707404000000004
2016-04-01,35.77,,34.31,15.728,,,,23.318634,9.834533,21.634218,45.1,208.437707,,160.326575,,41.083959,26.634828
2016-04-08,35.6,,34.98,15.565,,,,24.096149999999998,9.266399999999999,21.981375,45.33,219.43642499999999,,156.897,,41.12842499999999,27.8343
2016-04-15,36.77,,35.08,15.983,,,,23.834968,9.810232,22.081876,48.0,225.34315399999997,,164.834918,,40.81694,28.235406
2016-04-22,37.29,,35.48,15.702,,,,22.817172,10.03688388,24.901176,46.95,225.98975,,170.81708,,39.667323999999994,28.81091
2016-04-29,36.05,,36.37,14.923,,,,22.0869,10.17918,23.38767,46.25,210.18348,,156.54636,,39.1104,27.56061
2016-05-06,35.7,,36.41,14.903,,,,21.452849,9.596358200000001,19.541643,45.1,188.429131,,160.059119,,39.732044,26.528942
2016-05-13,36.36,,36.2,15.313,,,,20.718616,9.422374,15.477089000000001,46.105,183.506479,,161.002385,,40.084865,27.506968
2016-05-20,36.63,,35.88,15.508,,,,20.007368000000003,9.620640000000002,17.290428000000002,47.9,196.225424,,159.70262400000001,,39.15066,27.775144
2016-05-27,37.6,,35.02,16.085,,,,21.970674000000002,10.247583,19.43352,49.05,200.66908800000002,,171.77972100000002,,40.288566,29.870040000000003
2016-06-03,36.86,,35.22,15.751,,,,21.576588,10.278126,18.497988000000003,49.405,192.62360400000003,,165.971724,,39.617184,29.083974
2016-06-10,36.91,,36.22,15.751,,,,21.802264,10.327856,18.629248,48.17,194.460552,,166.881088,,40.87591200000001,28.868223999999998
2016-06-17,36.22,,36.86,15.401,,,,22.143396,10.020840000000002,18.206004,45.775,191.078796,,158.896824,,39.719772,28.005143999999998
2016-06-24,36.45,,38.07,15.455,,,,21.794885,10.23631,17.135475,44.0,173.738425,,155.72144,,39.515035,27.677615
2016-07-01,37.31,,38.61,15.831,,,,21.230605,10.808308,17.514127000000002,45.59,194.35205000000002,,154.754503,,40.504224,29.498422
2016-07-08,37.71,,39.37,16.03,,,,22.166844,11.060812,17.798592,44.265,196.055832,,161.245476,,41.041672,29.266384
2016-07-15,38.52,,38.65,16.272,,,,23.9184,11.95014,17.8935,44.43,199.6824,,169.61226000000002,,41.34078,29.445
2016-07-22,38.89,,38.81,16.658,,,,25.035142999999998,11.993919,17.102946,44.8,202.421289,,171.065888,,41.737381,28.860083
2016-07-29,38.57,,38.83,16.637,,,,27.06165,11.40615,16.01334,44.93,210.04313399999998,,156.45659399999997,,39.031398,28.707714000000003
2016-08-05,38.89,,38.89,17.003,,,,28.25966,11.51854,15.568520000000001,40.835,207.48706,,150.02064,,39.218959999999996,28.87753
2016-08-12,38.95,,38.94,16.863,,,,29.307304000000002,12.038208000000001,16.39131,33.875,202.07887700000003,,148.17565100000002,,39.437671,28.5871612
2016-08-19,38.36,,38.14,16.686,,,,30.5345,11.52545,15.629075,31.35,198.5625,,147.05979999999997,,38.7594,28.019375
2016-08-26,38.69,,38.03,16.775,,,,30.256992,11.642112,15.31152,31.95,196.40707200000003,,149.51721600000002,,38.676096,27.489312
2016-09-02,39.07,,38.05,16.894,,,,31.582088000000002,12.50199,15.522184,31.235,177.250436,,152.156836,,39.128091999999995,27.72636674
2016-09-09,38.53,,38.25,16.619,,,,32.437272,12.563543999999998,15.029951999999998,30.935,173.15608799999998,,151.99128,,37.637208,27.201719999999998
2016-09-16,38.09,,37.77,16.912,,,,35.13216,12.185599999999999,13.07264,31.18,184.0384,,147.69664,,37.75744,27.4176
2016-09-23,38.82,,38.38,17.077,,,,36.475591,12.232722,14.547502,28.0,184.692735,,152.935734,,38.051422,28.080061999999998
2016-09-30,38.71,,37.8,17.051,,,,37.146061,11.79967705,15.322639,28.39,181.443879,,148.904392,,37.635176,27.541621
2016-10-07,38.55,,35.89,17.117,,,,39.479776,11.690529239999998,13.96606,28.255,175.454764,,154.36735199999998,,37.239852,27.209276
2016-10-14,38.86,,36.66,17.233,,,,36.884358,11.829972,13.48872,27.575,179.099214,,156.94307999999998,,37.978038,27.059466
2016-10-21,39.35,,37.49,17.523,,,,37.1074,12.124199999999998,13.529505,27.675,183.782665,,154.86828500000001,,38.696405,26.8890875
2016-10-28,39.11,,37.3,17.4,,,,34.08699,11.932722,12.101109,22.97,182.012694,,174.275994,,38.437746,26.227413000000002
2016-11-04,37.72,,37.71,16.577,,,,30.85336,11.058777000000001,12.28753,22.25,170.913264,,170.554504,,37.391761,25.256704000000003
2016-11-11,39.38,,36.45,17.162,,,,33.708600000000004,11.125403700000001,12.295350000000001,21.29,173.66376,,181.20675,,37.788630000000005,27.27081
2016-11-18,40.41,,36.67,17.871,,,,39.84946,11.057753000000002,12.228685,22.0,174.71438600000002,,185.72492400000002,,38.631313,27.073081000000002
2016-11-25,40.91,,35.78,18.065,,,,38.88456,11.155716,12.41097,23.32,185.59827,,186.73083,,39.196014,26.445276
2016-12-02,40.46,,35.4,17.52,,,,34.6875,10.828125,11.8125,21.69,170.128125,,179.94375,,37.8375,25.5
2016-12-09,42.12,,35.46,18.248,,,,40.13584,10.508206600000001,12.92109,24.155,181.917588,,190.238202,,39.7572,26.372276
2016-12-16,42.53,,35.07,18.567,,,,37.40306,10.450855,12.81844,24.955,193.70193400000002,,191.70264,,39.928484000000005,27.138742
2016-12-23,42.45,,34.91,18.555,,,,38.73825,9.90934,12.099725000000001,25.26,204.05971,,192.46693,,39.790400000000005,26.9493875
2016-12-30,42.18,,35.35,18.427,,,,36.73296,9.8974656,11.78496,25.115,203.090976,,187.60896,,39.403584,27.114912
2017-01-06,42.65,,35.73,18.627,,,,34.70057,10.4434,13.05425,25.4,217.422094,,189.091998,,39.627956000000005,28.273132
2017-01-13,42.61,,36.16,18.779,,,,34.143555,10.482588,12.68055,25.16,223.318575,,191.42934000000002,,38.39858400000001,27.822066000000003
2017-01-20,42.25,,36.25,18.685,,,,32.8301,10.29268,12.5623,24.4,228.57782,,188.2477,,38.59288,27.263460000000002
2017-01-27,42.62,,35.74,19.012,,,,34.9503,10.4243475,12.3354,24.49,236.38177499999998,,186.50751000000002,,38.735025,27.73596
2017-02-03,42.33,,36.37,18.814,,,,36.017835000000005,10.253726,11.727815000000001,23.57,233.00804300000001,,181.229508,,38.511734000000004,27.590496
2017-02-10,43.12,,37.32,19.326,,,,44.58402,11.0403,12.6846,23.0,252.968508,,177.91325999999998,,38.128968,28.188
2017-02-17,43.62,,37.49,19.68,,,,48.120870000000004,10.565874,13.984245,24.3,256.358991,,181.625679,,38.826291,28.750101
2017-02-24,43.92,,38.22,19.814,,,,45.27616,10.949632000000001,14.06592,23.66,243.43040000000002,,184.06937600000003,,39.574016,28.984320000000004
2017-03-03,44.3,,37.31,20.01,,,,43.95871,10.881428000000001,13.601785,24.155,236.802841,,178.847,,39.986424,30.516946
2017-03-10,43.81,,36.18,19.914,,,,42.900859999999994,10.856353,13.066965,27.26,228.264423,,175.134799,,39.613043,30.011868
2017-03-17,43.97,,36.78,19.883,,,,46.013225000000006,10.542565,13.027,25.24,243.32575,,178.52573,,39.108915,29.515459999999997
2017-03-24,43.38,,37.16,19.648,,,,49.5303,10.591152,12.683459999999998,24.805,243.633528,,172.328412,,38.994696,29.542278
2017-03-31,44.07,,37.47,20.077,,,,50.004955,10.366538,14.62188,23.675,260.85059,,176.02494000000002,,39.779012,30.021719
2017-04-07,44.17,,38.34,20.13,,,,45.48152,10.94576,14.76734,22.365,285.476744,,172.49008,,40.206796,30.119712
2017-04-13,43.98,,38.86,20.029,,,,41.61276,11.125043999999999,14.956059999999999,23.755,286.8544,,171.367196,,40.376644,30.119712
2017-04-21,43.76,,38.58,20.09,,,,42.13092,10.970817,14.773785,23.605,284.84976000000006,,174.852639,,40.145547,29.45436
2017-04-28,43.8,,37.4,20.197,,,,39.231674999999996,10.792152,14.820854999999998,23.755,288.222039,,174.51900899999998,,39.598755,30.00879
2017-05-05,43.83,,35.95,20.193,,,,44.935215,10.141092,14.493764999999998,24.45,280.197645,,173.51626499999998,,39.701102999999996,31.095713999999997
2017-05-12,44.12,,36.17,20.542,,,,48.84498,10.244639999999999,16.144454999999997,23.55,297.103707,,169.50305699999998,,39.871773000000005,30.871125
2017-05-19,43.2,,36.03,19.977,,,,47.614875,10.15665,15.8865,23.345,277.415775,,164.02365,,39.180749999999996,30.612749999999995
2017-05-26,43.59,,36.46,20.447,,,,52.3107,10.238589999999999,16.63212,24.225,290.740188,,161.64453400000002,,40.587738,30.367032000000002
2017-06-02,43.7,,36.44,20.513,,,,51.677119999999995,10.468384,16.309759999999997,27.095,301.24304,,166.92684799999998,,40.676896,30.465567999999998
2017-06-09,44.04,,36.43,20.736,,,,54.03255,10.62789,17.013555,27.585,319.122492,,161.463549,,40.475292,28.588130999999997
2017-06-16,43.79,,36.08,20.039,,,,56.39247,11.2999428,17.382465,26.3,331.92018,,163.18962,,40.49354700000001,29.322297000000002
2017-06-23,43.88,,36.09,20.416,,,,57.1648,11.022088,19.11448,26.63,342.49754,,165.19734,,40.4173,29.261232
2017-06-30,42.9,,35.02,19.593,,,,49.89593,10.792564,17.492,26.3,316.264106,,167.634582,,39.22581,27.81228
2017-07-07,42.91,,34.17,19.62,,,,54.01704,10.873560000000001,18.327209999999997,27.095,274.662618,,162.21773100000001,,38.925591000000004,27.508353
2017-07-14,43.35,,34.47,19.89,,,,55.633599999999994,11.10056,19.0532,29.92,285.82415999999995,,161.08455999999998,,38.96096,27.85168
2017-07-21,42.9,,34.52,19.875,,,,54.30362,11.306467999999999,19.072699999999998,31.295,281.50447999999994,,161.56505599999997,,38.599716,27.661844000000002
2017-07-28,42.61,,34.72,19.667,,,,52.65214,10.6325,19.39368,31.38,285.010542,,119.075494,,39.136106,26.615274
2017-08-04,42.83,,34.41,19.699,,,,49.96365,10.54458,24.06915,33.69,303.01659,,115.23476999999998,,38.6295,27.100080000000002
2017-08-11,42.0,,35.12,19.351,,,,43.913335000000004,10.515532,22.949895,34.115,302.3764895,,109.052153,,38.53722700000001,26.610044000000002
2017-08-18,42.14,,35.34,19.442,,,,44.1896,10.469536,22.68966,34.715,295.271508,,107.015314,,38.810366,26.539254
2017-08-25,41.95,,34.93,19.242,,,,47.52594,10.335006,22.46376,34.375,291.73551,,105.412032,,38.196774,26.48712
2017-09-01,42.4,,35.81,19.797,,,,48.26175,10.09914,22.761,39.22,299.6022,,108.32549999999999,,38.59254,26.71467
2017-09-08,41.91,,35.96,19.374,,,,46.84584,9.9672,21.34642,36.35,285.22803999999996,,106.52445,,38.456779999999995,26.155593999999997
2017-09-15,42.57,,35.54,19.698,,,,47.912525,12.076467,22.51261,32.315,317.86298899999997,,106.127289,,38.648042,26.546467999999997
2017-09-22,42.69,,34.8,19.439,,,,46.09115,14.722400000000002,22.418200000000002,33.565,293.686785,,104.36174000000001,,38.052385,26.784730000000003
2017-09-29,43.41,,34.95,19.837,,,,45.985535,16.016673,24.156155,33.165,288.60471,,108.05543099999998,,38.082961,27.0752
2017-10-06,44.03,,34.95,20.278,,,,49.94478,17.872730999999998,24.503625,35.5,304.168824,,111.958128,,38.771127,27.043478999999998
2017-10-13,44.04,,35.34,20.223,,,,48.796890000000005,17.007027,24.990435,37.165,300.705549,,114.1695,,39.054426,26.563437
2017-10-20,44.35,,34.96,20.385,,,,47.462385000000005,16.558816,25.78832,36.505,292.74833,,116.2171,,39.344154,25.219959000000003
2017-10-27,45.09,,35.31,20.999,,,,53.90486,15.250081,27.684365,39.005,276.301157,,121.29454600000001,,39.670877,24.644682
2017-11-03,45.24,,35.11,21.223,,,,51.0573,14.77476,29.101799999999997,40.69,263.54348999999996,,115.09848000000001,,39.580169999999995,25.0551
2017-11-10,44.88,,35.21,21.225,,,,48.971835,15.732683999999999,32.690735,34.015,259.632131,,114.39615,,39.880126,24.584461
2017-11-17,44.33,,35.14,21.102,,,,48.75425,14.855208,31.838644999999996,35.495,267.130895,,113.41510399999999,,38.757509,24.67389
2017-11-24,44.38,,34.67,21.106,,,,50.51934,15.976846,33.26066,34.0,264.36779,,115.13885400000001,,38.438264000000004,26.47448
2017-12-01,44.32,,34.73,20.721,,,,43.90045,14.821128,29.238959999999995,33.24,257.54650599999997,,113.42699999999999,,38.623993999999996,26.810782
2017-12-08,45.33,,34.15,21.228,,,,42.125280000000004,14.259747,30.617265,35.015,267.639909,,115.71712500000001,,38.48178300000001,25.665846000000002
2017-12-15,45.63,,34.28,21.532,,,,44.374435,14.167485,32.461835,35.84,292.241605,,112.871885,,39.303070999999996,26.29281
2017-12-22,45.6,4.99,34.58,21.461,,,,44.49456,13.887696,31.643385,35.365,274.04604,,111.177411,,38.418693000000005,26.233251
2017-12-29,45.43,4.993,34.76,21.185,,,,40.74348,14.564336,31.28666,35.995,259.41682000000003,,109.39916000000002,,38.227216000000006,26.312456
2018-01-05,46.073,4.985,35.268,21.71,,,,42.46921,14.926556,31.498689999999996,37.82,263.10963799999996,,112.20681099999999,,38.288776999999996,26.911018000000002
2018-01-12,46.393,4.971,35.29,21.875,,,,43.586760000000005,14.952225,29.740589999999997,38.4,275.46504600000003,,114.497175,,37.810695,26.037354
2018-01-19,46.414,4.966,35.062,21.95,,,,39.954415,14.746737,28.79008,37.32,286.28135799999995,,115.30754199999998,,38.572163999999994,25.101351
2018-01-26,46.437,4.9579,35.016,22.075,,,,35.599125,15.47858,29.565375,41.76,275.822825,,110.852055,,39.042385,24.851005
2018-02-02,45.24,4.9331,34.354,21.585,,,,35.983155000000004,14.505583999999999,27.739522500000003,44.5,275.790625,,108.92827100000001,,37.491479,24.069
2018-02-09,42.852,4.9218,34.534,20.365,,,,46.66376,13.70544,26.26876,42.4,253.240636,,106.559796,,35.185454,23.641884
2018-02-16,44.462,4.9296,34.994,21.57,,,,47.552965,15.155746,37.0438,46.14,270.170097,,110.76901500000001,,36.222394,24.40059
2018-02-23,44.695,4.9241,34.718,21.87,,,,48.30408,15.239367999999999,40.660000000000004,47.26,286.28706,,112.205336,,35.813328,24.192700000000002
2018-03-02,43.366,4.9208,34.478,21.48,,,,51.3603175,14.464494,41.315529999999995,50.1,272.016904,,101.811531,,35.487524,23.709757
2018-03-09,44.955,4.9226,34.524,22.57,,,,56.028392499999995,15.474315,42.605135000000004,55.1,265.760191,,110.69212100000001,,36.407286,24.425861
2018-03-16,44.91,4.9411,34.364,22.525,,,,56.86935,15.381960000000001,44.26785,55.15,261.25755,,107.12087999999999,,35.33298,23.44692
2018-03-23,42.997,4.9457,35.118,21.145,,,,54.47941499999999,14.107216000000001,43.6806,55.0,243.915706,,104.97095300000001,,34.240736999999996,22.859514
2018-03-29,43.403,4.9583,34.588,20.9,,,,51.60782,12.934311,42.54814,45.98,215.27255699999998,,104.340011,,35.130527,23.158807
2018-04-06,43.606,4.9465,34.908,20.97,,,,48.136269999999996,12.581348,44.128305,47.46,243.57034,,102.433006,,35.742096,22.82709
2018-04-13,43.978,4.9503,35.12,21.26,,4.0375,,52.121579999999994,12.831798,43.893989999999995,49.0,243.45560399999997,,105.523908,,36.079806,22.858919999999998
2018-04-20,44.352,4.9269,35.05,21.46,,4.0275,,47.89213,12.093067999999999,44.92176,50.45,236.197312,,107.05539,,35.595612,22.574811999999998
2018-04-27,44.906,4.9201,35.098,21.705,,4.0695,,41.37986,12.240855,43.77033,50.65,242.410144,,104.430567,,35.700433000000004,22.816624
2018-05-04,45.352,4.9209,35.312,22.29,,4.0595,,49.264515,10.839029,45.629220000000004,52.7,245.77101299999998,,108.80814,,35.400252,23.591811
2018-05-11,46.384,4.9159,35.592,22.945,,4.138,,52.80839,11.482268,53.81267,57.3,251.957114,,108.19443199999999,,35.266966,23.198867999999997
2018-05-18,46.873,4.8981,35.302,23.105,,4.0885,,53.00256,11.398948,56.44263000000001,59.2,235.130908,,111.10152000000002,,35.827692,23.723742
2018-05-25,47.058,4.9198,35.948,23.615,,4.1555,,54.30362,11.383615999999998,50.53194,52.7,239.03022,,112.05318399999999,,36.345279999999995,23.478708
2018-06-01,47.053,4.9194,35.754,23.91,,4.138,,52.54635999999999,11.049308,46.88884,52.0,250.148104,,111.79602399999999,,36.962464,23.470135999999997
2018-06-08,47.153,4.906,35.512,23.92,,4.105,,50.126400000000004,11.758464,45.79344,44.7,269.883936,,110.414016,,37.339920000000006,22.420944000000002
2018-06-15,47.594,4.923,35.408,24.57,,4.0445,,49.1169,11.262419000000001,40.887665000000005,42.1,308.635089,,116.10545800000001,,38.018204,22.955688000000002
2018-06-22,47.4095,4.921,35.088,24.445,,3.9715,,49.5066,10.66494,42.942899999999995,37.88,286.25453999999996,,112.5267,,37.1085,23.82666
2018-06-29,46.839,4.9346,34.492,23.96,,3.9055,,49.527660000000004,10.632622,40.930890000000005,35.48,293.35943000000003,,109.27735000000001,,37.517844000000004,23.634702
2018-07-06,46.846,4.9387,34.319,24.14,,3.8785,,49.280680000000004,10.425904000000001,45.623960000000004,34.56,262.68856,,114.701952,,37.961856000000004,24.083328
2018-07-13,47.6995,4.9442,34.224,24.845,,3.9455,,50.346175,10.47132,46.5392,33.46,272.793285,,116.20256500000002,,38.27507000000001,24.852275000000002
2018-07-20,47.692,4.9386,33.726,24.77,,3.936,,46.36512,9.562806,45.725894999999994,32.54,267.264234,,115.30766699999998,,38.592144,25.117281
2018-07-27,48.416,4.9247,33.804,24.82,,4.0376,,45.65092,9.808083,46.294495,35.62,255.010158,,110.832196,,39.652801,26.25786
2018-08-03,48.356,4.9178,33.77,24.93,,4.0036,,47.40137,9.229655999999999,41.870490000000004,35.6,300.888514,,116.57193799999999,,40.289004,26.712422
2018-08-10,48.902,4.9292,34.188,25.55,,3.9847,,51.333600000000004,9.96888,40.515,30.8,311.40924,,123.91896000000001,,40.36608,26.30628
2018-08-17,48.763,4.933,33.244,25.265,,3.8498,,52.354335,9.772226999999999,39.866144999999996,30.5,266.79314999999997,,121.85154899999999,,40.69578,26.303796
2018-08-24,48.55,4.9311,33.376,25.29,,3.9124,,55.992509999999996,10.441614,41.0912775,31.64,277.65748199999996,,128.731167,,39.246363,26.301858
2018-08-31,48.904,4.9267,33.26,25.885,,3.8888,,58.50264000000001,10.158263999999999,41.31372,31.24,259.910256,,128.3784,,38.401512000000004,26.675136000000002
2018-09-07,48.379,4.9155,33.252,25.38,,3.7986,,56.916999999999994,9.90425,36.935500000000005,26.84,227.70260000000002,,125.02709999999999,,39.547799999999995,26.52955
2018-09-14,48.629,4.906,33.002,25.465,,3.7413,,52.4356,10.719212,36.23214,28.06,253.75392,,128.192148,,39.533004000000005,26.4327
2018-09-21,49.054,4.8982,32.78,25.32,,3.7972,,52.441050000000004,11.826948999999999,36.32502,30.32,255.04257,,126.301924,,39.718766,26.109674000000002
2018-09-28,49.26,4.8949,33.012,25.81,,3.8187,,51.62894,12.246264,32.42418,20.18,228.01992399999997,,121.101944,,39.778828,25.973792
2018-10-05,48.913,4.868,33.568,25.25,,3.6495,,47.654084000000005,11.427609,32.955245999999995,20.02,227.294015,,113.84223999999999,,39.810076,26.768545000000003
2018-10-12,46.573,4.8651,33.89,24.17,,3.5829,,50.39451999999999,11.06432,34.048716,19.22,223.68943199999995,,110.020832,,38.621392,25.672679999999996
2018-10-19,47.124,4.8609,34.35,24.475,,3.5754,,53.82336,10.724789999999999,34.91409,18.83,225.42,,109.65816000000001,,40.16811,26.5302
2018-10-26,45.558,4.8858,35.022,23.665,,3.4929,,48.668832,11.378268,32.144922,18.31,290.06694,,107.374734,,40.253472,25.701912
2018-11-02,46.732,4.8644,34.81,23.99,,3.6779,,45.949286,11.456595,33.140725,20.7,304.11333900000005,,111.25626700000001,,42.1392,26.178978
2018-11-09,47.679,4.8652,34.304,24.42,,3.6183,,49.325520000000004,11.76936,32.998288,20.32,309.009616,,113.091648,,43.797888,27.59408
2018-11-16,46.58,4.871,34.428,23.585,,3.6643,,36.342456,12.306718,33.78658,18.41,310.127543,,111.23312399999999,,43.913801,27.484419999999997
2018-11-23,45.762,4.8784,34.704,22.76,,3.626,,35.127775,12.541541249999998,35.242369999999994,18.38,287.21914499999997,,109.61452499999999,,43.21113,27.370575
2018-11-30,47.037,4.8816,34.664,23.965,,3.7248,,39.284797999999995,13.251,34.390761999999995,18.5,309.614032,,114.52397599999998,,44.52336,28.648661999999998
2018-12-07,45.491,4.9075,35.162,23.12,,3.6502,,36.809552999999994,12.20837,33.401749,17.63,314.405051,,112.05351399999999,,43.115747,27.666449999999998
2018-12-14,45.379,4.9129,35.302,23.295,,3.6703,,38.422986,12.90786,33.887553,17.15,323.324211,,112.20997200000001,,43.621494000000006,27.486669
2018-12-21,42.868,4.9252,35.462,21.415,,3.572,,33.388217999999995,11.419509,30.293786,16.42,281.109807,,102.485478,,41.818787,26.54882
2018-12-28,43.099,4.9348,35.874,21.725,,3.5848,,36.315552000000004,11.147136,30.462432,16.59,291.668832,,110.84236800000001,,41.233920000000005,26.941824
2019-01-04,43.756,4.9442,36.182,22.02,,3.6378,,36.666546,10.686732,32.68315,16.65,278.741206,,114.41296,,41.737918,27.90132
2019-01-11,44.707,4.9438,36.142,22.57,,3.7118,,39.862840999999996,10.556287,31.72988,17.44,302.706542,,116.68576200000001,,41.26627800000001,28.251796999999996
2019-01-18,46.309,4.9392,36.32,23.55,,3.8285,,41.372291000000004,9.931813,32.707246,17.55,265.898122,,119.920704,,41.882517,28.687017
2019-01-25,46.173,4.9601,36.644,23.375,,3.866,,42.998272,10.47776,35.817280000000004,20.84,260.444672,,122.22592,,41.534016,28.110208000000004
2019-02-01,46.564,4.9713,36.928,23.655,,3.8946,,43.565184,10.393857,37.587189,22.06,272.465667,,111.74050799999999,,42.500490000000006,28.807827
2019-02-08,46.628,4.9845,37.31,23.805,,3.8639,,37.394321999999995,10.485957999999998,38.41023199999999,20.48,270.14372,,115.531052,,43.7283,29.823583999999997
2019-02-15,48.234,4.9835,37.548,24.56,,3.9045,,41.294579999999996,11.37482,38.329159999999995,21.3,272.535376,,124.866312,,40.046448,30.114504000000004
2019-02-22,48.454,4.983,37.734,24.635,,3.9737,,44.698752,11.221055999999999,36.829440000000005,22.86,260.287872,,128.426112,,39.991296,30.673535999999995
2019-03-01,48.394,4.9663,36.824,24.63,,3.9119,,43.95879,11.224829999999999,36.337860000000006,22.8,259.12041,,124.58946,,39.88902,30.589199999999998
2019-03-08,47.977,4.9952,37.176,24.485,,3.884,,41.677284,10.681694,34.935632,22.02,252.714116,,122.843928,,39.880696,29.901627999999995
2019-03-15,49.214,5.0006,36.992,25.49,,3.9623,,47.219100000000005,10.979544,35.242218,22.96,243.09451800000002,,130.91605800000002,,39.98178,29.946618
2019-03-22,48.925,5.0468,37.38,25.725,,3.9216,,46.73698,11.312755,32.83264,22.66,233.97678499999995,,127.217635,,40.625085,29.860719999999997
2019-03-29,49.556,5.0532,37.126,25.855,,3.9835,,50.388448,10.747872000000001,33.580416,18.25,249.411232,,128.5556,,41.761632,30.648368
2019-04-05,50.63,5.0328,37.036,26.61,,4.1085,,52.334094,11.507973999999999,36.297807999999996,21.2,245.09934399999997,,130.60792800000002,,41.423358,30.503708
2019-04-12,50.428,5.0306,36.738,26.53,,4.0813,,53.669185,11.742623,36.272051000000005,19.74,236.88773,,133.31018500000002,,41.360226000000004,29.281341000000005
2019-04-18,50.792,5.0266,36.444,26.91,,4.1158,,53.757675,12.786805,38.086096,21.02,241.807774,,129.620152,,42.015052,28.927380999999997
2019-04-26,51.45,5.0424,37.1,27.55,,4.0915,,53.954316,12.14622,41.207508,20.42,210.779496,,133.94008799999997,,43.260264,29.276423999999995
2019-05-03,51.504,5.0362,36.796,27.525,,4.1067,,56.894324,12.22862,39.774256,21.12,227.63977799999998,,125.883378,,43.487472,29.661097999999996
2019-05-10,49.476,5.0402,36.828,26.095,,3.8349,,52.631613,11.206358999999999,47.184201,18.93,213.196752,,123.95532599999999,,42.893919,28.536606000000003
2019-05-17,50.472,5.0578,36.756,26.785,,3.7627,,41.498088,10.795595,49.803081000000006,19.11,189.061777,,122.59495600000001,,44.07828000000001,29.421356000000003
2019-05-24,49.595,5.067,36.854,25.78,,3.7032,,39.618161,10.294834,47.825480999999996,22.66,170.061023,,119.61276800000002,,44.257081,30.3314
2019-05-31,48.904,5.091,37.524,25.405,,3.7968,,36.216603,10.38084,47.948742,24.98,165.699684,,118.941159,,43.966437000000006,29.424312000000004
2019-06-07,49.873,5.126,38.096,25.81,,3.782,,39.67218200000001,10.749141999999999,49.662976,22.46,180.3281,,120.93005199999999,,45.403882,30.192832000000003
2019-06-14,50.398,5.125,38.674,26.3,,3.8199,,41.143347000000006,10.274688,50.383431,24.68,191.687148,,119.20243500000001,,45.763389000000004,30.815144999999998
2019-06-21,51.24,5.1454,39.63,27.04,,3.9532,,43.415977999999996,10.59677,52.23636,23.96,195.10368400000002,,129.025568,,45.33306999999999,31.30664
2019-06-28,50.81,5.1488,39.888,26.56,,3.9415,,46.952731,10.593155000000001,54.908586,25.58,196.443686,,125.983821,,44.763772,30.85641
2019-07-05,52.15,5.1552,40.114,27.49,,4.0102,,47.31413,10.842635999999999,56.21613,25.76,207.50562,,124.841648,,46.388322,31.174804
2019-07-12,52.188,5.1402,40.274,27.61,,3.9796,,47.748795,10.72907,55.081804,23.74,217.31243600000002,,109.081834,,46.214804,29.562578000000006
2019-07-19,52.222,5.1628,40.9,27.635,,4.0156,,47.902,10.890464,56.475344,23.72,230.090016,,108.5036,,45.798768,29.979968
2019-07-26,52.974,5.1688,40.998,28.24,,4.0073,,52.91576,11.598343999999999,56.832784,23.56,204.87113599999998,,110.79068799999999,,48.666328,30.419824
2019-08-02,51.252,5.2012,41.83,27.055,,3.8135,,48.689935,10.767015,58.449510000000004,22.56,210.78883,,120.80285,,47.070834999999995,30.627974999999996
2019-08-09,50.494,5.233,43.118,26.62,,3.7105,,53.261320000000005,9.91012,73.43836,22.08,209.62892,,125.50439999999999,,47.65064,31.139719999999997
2019-08-16,50.646,5.2698,43.744,26.845,,3.7227,,52.813471,9.632759,75.51218,20.18,198.187934,,123.74806300000002,,49.028850999999996,31.26817
2019-08-23,50.358,5.2652,44.06,26.58,,3.6826,,50.064958000000004,8.816527,72.55921000000001,19.89,189.60466000000002,,123.87085900000001,,48.199406,30.862329
2019-08-30,51.776,5.2848,44.74,27.375,,3.8033,,50.724872,9.433589,74.522624,21.2,205.237417,,130.350913,,50.069888,31.093546
2019-09-06,52.68,5.266,44.268,27.95,,3.9057,,52.251492,9.478852000000002,70.013012,20.88,206.11518999999998,,126.768318,,50.049426,31.336395999999997
2019-09-13,53.254,5.1964,43.346,28.005,,3.9228,,53.2652,9.804408,68.721136,24.4,221.36656,,131.610184,,48.985928,31.137572000000002
2019-09-20,53.506,5.226,43.924,28.105,,3.902,,53.344344,9.464903999999999,81.059106,25.88,218.14609199999998,,135.12873000000002,,48.87480599999999,32.374686
2019-09-27,53.352,5.2444,43.82,27.855,,3.866,,48.255339,9.013026,75.029328,25.8,221.331033,,134.400123,,49.644771000000006,33.328086
2019-10-04,52.276,5.2576,44.07,27.62,,3.816,,46.957218000000005,8.929062,77.8221,25.96,210.64758600000002,,133.426218,,49.642308,32.921934
2019-10-11,53.114,5.217,43.064,28.06,,3.8959,,48.723246,8.96247,80.526435,24.62,224.414817,,130.498995,,48.252489999999995,32.889548999999995
2019-10-18,52.692,5.2082,43.056,27.795,,3.8757,,49.094214,8.725275,76.218633,25.8,229.944555,,128.104935,,49.022622000000005,32.941269000000005
2019-10-25,53.626,5.21,43.73,28.405,,3.9495,,50.85024,8.834496,84.10368,28.34,296.104512,,131.542848,,48.504,33.388799999999996
2019-11-01,53.868,5.2154,43.508,28.565,,3.9685,,58.3552575,8.623665,74.496645,28.08,280.569105,,137.629395,,48.26745,33.76035
2019-11-08,54.98,5.1788,42.8,29.315,,4.0859,,60.342710000000004,8.997440000000001,70.70065000000001,29.04,305.78598,,141.60991,,47.35447,33.91273
2019-11-15,55.252,5.1896,42.692,29.555,,4.0211,,62.306270000000005,8.771709999999999,71.403528,32.24,318.467331,,141.43252,,47.629481,33.938379
2019-11-22,55.118,5.2042,42.726,29.39,,3.9895,,61.868787,8.71008,69.290501,31.0,302.167192,,137.54667999999998,,48.114119,34.540911
2019-11-29,55.75,5.2044,42.746,30.02,,3.9805,,66.839084,8.574929999999998,74.052914,31.08,299.387556,,136.409442,,48.45516,34.998418
2019-12-06,55.794,5.1862,42.46,29.855,,4.0033,,65.138696,8.458632,75.847541,31.38,303.543793,,137.00091999999998,,49.179354,34.855709
2019-12-13,55.762,5.1986,42.66,29.94,,4.1058,,66.94234200000001,8.63424,81.098898,32.64,322.335966,,130.72779,,48.945348,34.321104
2019-12-20,56.9,5.182,42.884,30.805,,4.2199,,70.97930099999999,8.620785,85.75649999999999,34.34,366.12609299999997,,131.07204,,49.621418999999996,35.999676
2019-12-27,56.84,5.1838,43.002,30.865,,4.2121,,70.666544,8.559408,84.306144,34.1,384.931872,,129.473344,,49.50504,36.348416
2020-01-03,56.608,5.1846,43.496,30.805,,4.2298,,73.39878,8.953038,91.752956,34.56,397.025562,,128.667434,,49.013177999999996,36.43053
2020-01-10,57.438,5.1956,45.126,31.855,,4.2999,,72.09081,8.891110000000001,93.96348,39.1,429.85685,,128.00861,,49.92147,36.88597
2020-01-17,58.306,5.2004,45.154,32.36,,4.3563,,69.387136,11.107712,94.4426,39.36,460.2668,,132.300784,,51.337104,38.245872
2020-01-24,58.47,5.2338,45.882,32.875,,4.2779,,71.10829799999999,10.60371,99.810819,39.34,511.89636600000006,,129.745908,,52.275384,37.339560000000006
2020-01-31,56.752,5.2654,46.046,32.055,,3.9949,,68.276347,9.37144,88.181646,33.2,586.2286270000001,,136.994233,,52.62424,37.66598
2020-02-07,58.998,5.2512,45.984,33.94,,4.1778,,79.73982,10.485832,91.90630800000001,33.88,683.287138,,139.439644,,54.064145999999994,39.568488
2020-02-14,60.16,5.255,46.926,34.94,,4.2953,,80.301,10.45759,102.64683,35.82,738.42769,,137.37932,,55.333850000000005,40.048970000000004
2020-02-21,59.514,5.2778,48.576,34.48,,4.2134,,76.563626,12.349269000000001,130.832263,35.3,829.7309,,138.088955,,55.373717000000006,40.54722700000001
2020-02-28,51.712,5.3,46.402,29.885,,3.8067,,70.536048,11.030888,113.046208,30.64,605.466136,,122.509024,,48.483336,36.156296
2020-03-06,50.732,5.3698,47.36,29.44,,3.7173,,73.009475,10.599435,118.07257,28.76,622.9315399999999,,120.67594,,48.93272999999999,37.217565
2020-03-13,43.693,5.1678,44.0,26.525,,3.2832,,65.12615,9.771176,82.126554,23.2,492.723268,,100.352862,,43.690858,36.32642
2020-03-20,42.54,5.05,44.784,26.62,,3.0847,,58.044974,8.472287000000001,65.022701,21.34,399.355773,,94.101234,,35.77603,33.71166900000001
2020-03-27,44.457,5.2148,47.2,27.185,,3.101,,62.79,8.55738,73.88589,25.54,461.38092,,95.36007000000001,,38.40057,34.95609
2020-04-03,44.354,5.2382,48.214,27.525,,3.1715,,61.825441999999995,9.15453,68.871656,25.12,443.86524699999995,,103.779081,,40.529601,38.023664
2020-04-09,48.651,5.2614,49.348,29.635,,3.3864,,73.23624,9.496668999999999,89.363008,26.6,529.8530999999999,,115.97587399999999,,45.3103,36.756825
2020-04-17,49.416,5.284,50.12,31.65,,3.4223,,69.177325,10.378896999999998,89.26402999999999,29.16,693.051077,,116.319029,,44.181558,39.189759
2020-04-24,49.148,5.3,51.22,31.58,,3.3873,,72.66884800000001,10.34432,93.034228,28.9,669.7485399999999,,115.95797999999999,,41.959148,41.617416
2020-05-01,50.556,5.2756,50.11,32.325,,3.5011,,70.518225,10.844054999999999,95.56607999999999,29.04,638.55186,,111.618195,,41.5188,39.00582
2020-05-08,51.108,5.2816,50.8,33.38,,3.5174,,74.89998299999999,11.169053,109.126536,29.48,755.7510659999999,,114.983141,,42.527253,40.618092
2020-05-15,49.719,5.2876,51.955,32.765,,3.4394,,62.589293000000005,10.34992,111.298604,24.64,738.512997,,106.807478,,39.976566,42.148201
2020-05-22,51.14,5.31,51.105,33.89,,3.4798,,67.447164,9.99421,119.55459099999999,27.28,748.9972720000001,,112.20105300000002,,41.288007,40.98543000000001
2020-05-29,51.816,5.299,50.13,33.39,,3.4706,,65.99533199999999,10.180131000000001,127.72419000000001,26.72,751.5835,,112.044448,,42.016668,39.019335000000005
2020-06-05,54.456,5.3018,47.758,34.255,,3.7662,,70.475149,11.717811000000001,131.33159600000002,30.24,784.429062,,110.898497,,43.479013,38.040815
2020-06-12,52.016,5.3218,49.562,33.905,,3.6609,,65.923663,11.705157999999999,126.154605,26.52,830.622168,,104.81356199999999,,40.49736,38.001799
2020-06-19,53.77,5.3124,50.01,35.545,,3.7515,,66.54486299999999,13.548645,137.36448,27.72,895.10487,,105.697317,,41.155686,40.198785
2020-06-26,52.234,5.329,50.63,35.0,,3.7175,,67.847056,13.54624,115.437136,27.08,855.320288,,103.3792,,38.829584,39.12368
2020-07-03,53.486,5.3398,50.785,36.31,,3.8679,,73.310112,13.777952,127.53963200000001,27.32,1077.157792,,104.58232,,39.997056,39.025648
2020-07-10,53.842,5.351,51.14,37.465,,3.973,,72.934064,17.589824,141.072512,27.8,1366.7063200000002,,104.105568,,39.94872,39.134704
2020-07-17,54.262,5.3526,50.945,36.64,,3.903,,73.4916,15.7482,150.11534200000003,27.82,1313.084916,,103.535666,,40.962818,39.790451999999995
2020-07-24,53.386,5.3682,52.5,35.62,,3.8554,,72.492154,16.13416,147.26711999999998,26.88,1216.0693999999999,,100.36649,,41.614118,36.85969
2020-07-31,52.532,5.378,53.73,36.08,,3.8255,,78.83123599999999,16.041388,148.69492,24.8,1215.001392,,105.23286399999999,,40.116208,36.600519999999996
2020-08-07,54.156,5.3856,55.33,37.56,,3.9144,,77.48372200000001,16.966,179.390001,28.24,1232.3338930000002,,104.67173700000001,,40.54874,36.485383
2020-08-14,54.664,5.3488,52.81,37.235,,3.9215,,78.539354,15.891149000000002,185.144766,35.22,1394.189666,,123.843698,,40.92087,35.937729999999995
2020-08-21,54.976,5.356,52.895,38.59,,3.9225,,72.656076,15.295570000000001,180.741946,35.9,1737.1530520000001,,122.94079200000002,,40.065072,37.18391200000001
2020-08-28,55.85,5.3288,53.24,39.785,,4.0011,,71.5759,17.144632,185.711124,38.44,1858.37064,,123.32884399999999,,41.837268,36.455432
2020-09-04,54.578,5.3606,52.39,38.035,,3.8999,,64.46994,17.673292,164.328684,36.22,353.22940800000003,,120.065236,,43.098176,36.967832
2020-09-11,54.376,5.354,52.98,37.14,,3.916,,59.48651099999999,18.734579999999998,155.243844,37.0,314.538408,,119.09960699999999,,43.089534,38.178036
2020-09-18,54.33,5.3556,52.935,36.38,,3.9151,,60.397346000000006,23.792382000000003,157.272966,40.0,373.43989,,134.789714,,42.61007,39.561064
2020-09-25,54.0,5.3564,51.505,37.48,,3.7961,,63.75264,22.906271999999998,172.664832,38.68,349.98652799999996,,125.55489599999999,,41.860223999999995,38.509344
2020-10-02,54.882,5.345,52.33,38.275,,3.9079,,66.012084,27.438911999999995,214.648056,37.88,354.15478799999994,,124.959672,,42.113952,36.883835999999995
2020-10-09,56.19,5.3456,52.415,39.025,,4.0167,,69.940122,27.489156000000005,258.11235500000004,43.56,366.8602,8.410735,139.246269,,42.949693,37.218559000000006
2020-10-16,56.83,5.3704,52.13,40.21,,4.0225,,70.54387100000001,28.616612000000003,257.532454,42.12,374.906609,8.279717000000002,140.43968999999998,,42.660581,36.23975
2020-10-23,55.618,5.3464,51.545,38.665,,4.0192,,70.803678,30.131376,238.354688,38.26,354.422838,7.9962740000000005,155.29118000000003,,42.568152000000005,34.571878
2020-10-30,53.46,5.3444,51.875,37.535,,3.9554,,70.98109600000001,34.928296,221.201096,37.16,333.09353600000003,8.695592000000001,143.412888,,41.254704000000004,34.32741600000001
2020-11-06,56.488,5.363,52.81,40.05,,4.1511,,74.642854,42.995833,199.959669,41.56,361.974905,11.643476999999999,156.273478,,41.631955000000005,37.161466
2020-11-13,57.972,5.3532,51.435,39.595,,4.2123,,70.701312,39.832319999999996,187.20767999999998,48.06,345.1008,13.34784,162.429696,,45.154560000000004,36.28416
2020-11-20,58.534,5.3678,50.78,40.015,,4.294,,70.289055,40.014585000000004,217.56296700000001,48.22,412.88811300000003,15.305895,187.30536300000003,,44.416611,35.148744
2020-11-27,59.226,5.369,48.062,40.59,,4.3502,,70.607909,40.737581000000006,240.75851900000004,49.76,489.285328,23.104398,226.583478,,44.02031,34.857068999999996
2020-12-04,59.194,5.362,48.548,40.76,,4.3519,,73.653957,37.515603,224.29365900000002,47.24,494.028288,19.669095000000002,270.5016,,44.410095,35.198195999999996
2020-12-11,58.732,5.39,48.92,40.07,,4.3623,,71.496148,36.573474000000004,240.612354,50.2,503.485746,22.45088,235.99836800000003,,44.035090000000004,35.665534
2020-12-18,59.25,5.3806,49.506,41.02,,4.3886,,74.316515,39.06245,256.47475000000003,54.05,566.7725,21.178535,245.62859999999998,,43.82497,35.857535
2020-12-24,59.41,5.3686,49.372,41.105,,4.3471,,80.16365,39.87795,264.295395,55.45,539.673435,22.630125,263.088455,,43.58032,34.699525
2020-12-31,59.712,5.3762,49.174,41.465,,4.4352,,77.5938,43.192245,261.19972,55.95,577.5908949999999,19.275675,318.02817500000003,,44.886540000000004,35.88304
2021-01-08,61.108,5.3632,48.896,42.025,,4.6789,,87.32838,51.397116,291.867756,66.05,721.2643919999999,20.65392,435.732144,,41.865168,34.947744
2021-01-15,61.222,5.364,48.628,42.06,,4.7396,,88.03295999999999,49.597199999999994,233.71128,62.5,684.06048,21.22992,478.64196000000004,,40.3236,36.89568
2021-01-22,61.624,5.3468,48.988,43.345,,4.7964,,81.3186,54.557388,263.767968,67.15,695.430096,26.761212,473.972442,,39.829686,37.110852
2021-01-29,59.966,5.3538,49.22,42.315,,4.6296,,77.25368,49.893688,237.46858799999998,60.2,653.551308,28.974248,508.41651599999994,,39.65634,35.752475999999994
2021-02-05,62.88,5.3352,48.376,44.625,,4.9038,,73.669644,54.01998,255.77755200000001,61.9,707.180454,28.254689999999997,668.8188,,41.19957,35.644059
2021-02-12,63.374,5.3272,48.46,44.88,,5.0208,,77.499355,56.431408999999995,272.95116099999996,59.95,673.217388,26.322559,853.2023189999999,,41.814181,36.072877
2021-02-19,63.396,5.286,47.34,44.645,,5.0124,,75.68549999999999,53.12175,265.64175,59.0,644.5724999999999,23.924999999999997,795.069,,41.34075,34.79025
2021-02-26,61.888,5.239,45.756,42.52,,4.7027,,74.52,42.69168,247.00068,53.25,559.314,19.789199999999997,621.33948,,40.563719999999996,34.0308
2021-03-05,61.47,5.2486,45.768,40.83,,4.7069,,72.24629,41.874489999999994,209.27177,48.52,501.68005,20.09405,520.38136,,42.612809999999996,34.05501
2021-03-12,63.972,5.2352,46.106,42.505,,4.7363,,74.21428,41.666065,243.82302,53.7,580.305145,22.518580000000004,655.816,,42.12614,34.321595
2021-03-19,64.258,5.224,46.998,42.81,,4.7603,,70.156892,40.579136,235.933412,50.5,549.959826,20.423936,652.558192,,42.670238000000005,34.59976
2021-03-26,64.902,5.2476,47.246,43.12,,4.6716,,77.938254,38.49012,233.78085,48.04,524.5423380000001,19.143324,529.0272,,44.967312,34.293510000000005
2021-04-01,65.96,5.2414,47.254,44.72,,4.8201,,78.480846,38.350233,240.258042,53.0,561.03165,19.558746,596.478168,,44.517978,34.564806000000004
2021-04-09,66.76,5.244,47.168,45.79,,4.7284,,76.58064,37.870470000000005,221.638815,50.4,568.493694,20.186388,597.0267,,44.655246,35.208621
2021-04-16,67.444,5.2548,47.726,46.265,,4.7694,,77.785693,37.828604,215.945237,48.0,617.494366,18.755709,578.964614,,44.806696,35.149217
2021-04-23,66.886,5.2564,47.36,45.685,,4.7597,,77.747712,38.642464,230.920952,48.48,602.77616,19.346024,506.61625599999996,,45.014008,35.014568
2021-04-30,66.97,5.244,47.236,45.715,,4.7338,,70.74459,34.461474,219.21257200000002,47.5,590.112192,19.164672,546.625688,,44.900563999999996,33.862578
2021-05-07,67.31,5.2536,48.534,44.945,,4.7579,,68.151874,30.848728399999995,181.12472,45.06,552.553666,16.23055,509.894028,,44.796318,34.622434
2021-05-14,66.376,5.2268,48.726,43.555,,4.5872,,57.672165,31.112507,180.195671,42.52,485.53294200000005,16.531864,429.19452299999995,,45.059208999999996,34.685629000000006
2021-05-21,66.486,5.2318,49.518,43.71,,4.6124,,65.138415,35.2207145,207.121279,45.16,476.84439199999997,17.033675,369.831868,,44.837557999999994,35.503924999999995
2021-05-28,67.234,5.2464,49.934,44.615,,4.7525,,66.731537,37.806610000000006,211.594001,45.78,512.742922,18.821295,385.447,,45.343329000000004,35.887576
2021-06-04,67.57,5.255,50.035,44.775,,4.8464,,67.338292,41.106436,198.744112,45.36,492.2992899999999,19.747854,398.301806,,46.218032,36.487919999999995
2021-06-11,68.292,5.2746,49.906,45.745,,4.8441,,66.73254,45.7191,200.85841999999997,42.54,503.76913999999994,20.37742,426.57944000000003,,46.38815999999999,39.28456
2021-06-18,68.428,5.2708,48.21,46.935,,4.8535,,67.440856,50.188739999999996,222.69304400000001,42.74,525.325668,21.381836,544.836488,,45.317356000000004,39.679024
2021-06-25,69.56,5.2526,47.948,47.665,,4.9284,,69.202736,49.130258000000005,224.180354,45.58,562.6239380000001,22.425572000000003,460.61186999999995,,45.487568,39.332678
2021-07-02,70.5,5.2768,48.386,49.015,,4.9136,,70.306781,48.002677000000006,232.66852900000004,47.54,571.83747,20.585812,535.374303,,45.635814,39.992404
2021-07-09,70.776,5.2988,49.064,49.45,,4.8057,,69.583339,47.4255865,225.30625600000002,48.46,552.954815,19.603193,529.143122,,45.838982,40.519438
2021-07-16,70.642,5.3064,49.33,49.465,,4.8577,,67.98066299999999,45.622502999999995,200.34266399999998,43.36,545.589918,18.098253,443.004921,,47.765159999999995,41.184747
2021-07-23,71.858,5.3238,49.236,50.82,,4.7697,,70.49131200000001,48.860496,211.236048,43.98,546.615648,18.529776,458.53761600000007,,48.435696,39.956688
2021-07-30,71.216,5.332,49.418,49.925,,4.6735,,70.753176,51.992928,218.58595200000002,44.16,578.89728,18.288504000000003,527.350824,,48.042072000000005,40.654224
2021-08-06,72.412,5.3244,48.162,50.86,,4.7278,,69.054748,59.248056,250.92894399999997,47.06,594.09518,18.542636,636.262256,,48.132672,41.223797999999995
2021-08-13,72.874,5.3256,48.444,50.82,4.988,4.6907,,66.68672,59.40239999999999,241.14576,42.24,608.1601599999999,21.115199999999998,617.3439999999999,,48.53104,42.54416
2021-08-20,72.552,5.3346,49.11,51.13,4.874,4.5367,,72.256694,55.84131949999999,230.558484,38.7,581.146118,20.511743,612.157208,,48.387552,42.971289999999996
2021-08-27,73.184,5.3168,49.336,51.8,5.153,4.6823,,73.672512,55.627151999999995,246.74699999999999,41.52,603.1386239999999,21.781512,599.13984,,47.146679999999996,42.385416
2021-09-03,73.402,5.313,49.542,52.26,5.242,4.7943,,74.865327,55.163039999999995,240.32922,41.84,616.859013,22.401576,598.939434,,47.704257,41.834775
2021-09-10,72.99,5.3088,48.774,52.19,5.265,4.7729,,72.629466,56.05044900000001,227.26540200000002,37.1,623.105301,22.240764000000002,520.956891,,47.062743000000005,39.513747
2021-09-17,72.734,5.3042,48.072,51.81,5.201,4.6404,,72.777912,55.857772000000004,239.90798,37.9,647.389276,24.472404,523.620796,,46.404656,39.270068
2021-09-24,72.822,5.2818,48.102,51.61,5.225,4.6195,,73.887372,52.65478,234.99222400000002,37.84,660.864426,24.373104,511.519426,,45.989726000000005,39.264934000000004
2021-10-01,71.566,5.269,48.79,50.25,4.9125,4.608,,73.62308800000001,53.27044800000001,234.67628800000003,36.48,668.5497280000001,20.982192,528.185504,,45.724448,40.23096
2021-10-08,72.674,5.233,48.812,50.91,4.8975,4.6633,,72.75632,54.973555000000005,226.386615,35.52,679.056105,20.31575,612.77489,,46.78674,43.129905
2021-10-15,73.928,5.25,49.116,51.72,5.031,4.7669,,73.399704,60.84619200000001,258.040584,40.34,726.354648,20.6784,646.0707600000001,,46.939968,42.149472
2021-10-22,74.646,5.2204,49.566,52.33,5.131,4.7347,,72.156925,65.38336,260.340125,41.82,780.96028,20.973155000000002,616.84942,,46.745325,41.84329
2021-10-29,75.708,5.2468,49.464,54.08,5.25,4.6812,,71.423442,62.653355999999995,306.762732,45.66,963.4986,22.383612,618.455394,,48.754413,41.800616999999995
2021-11-05,77.314,5.2828,50.415,56.41,5.678,4.6957,,80.69243,68.25573299999999,297.448515,41.06,1056.496805,22.477,689.447395,,49.138180000000006,43.39790000000001
2021-11-12,77.722,5.2624,52.325,56.14,5.756,4.8384,,80.18730000000001,67.39052500000001,316.56513500000005,49.92,902.6923700000001,19.942004999999998,709.0461550000001,,49.448835,43.718675
2021-11-19,78.696,5.2674,52.77,58.28,5.929,4.8155,,80.812578,68.27284800000001,323.57820599999997,46.02,1007.662572,18.973542,636.5663219999999,113.96531999999999,48.856206,44.08845
2021-11-26,76.298,5.266,51.05,56.44,5.64,4.5784,,76.69678799999998,68.145476,301.62809599999997,42.96,955.768128,18.577902,585.6942,99.05564199999999,47.465081999999995,42.76539399999999
2021-12-03,75.416,5.2832,50.565,55.2,5.706,4.6302,,75.88406,65.618952,271.2038,40.74,896.624498,16.766932,557.416566,92.465478,47.297236,43.59579
2021-12-10,77.532,5.2772,50.765,56.8,5.798,4.7202,,88.84992,65.948544,272.98828799999995,39.4,898.2408959999999,16.727808,530.661888,101.26771199999999,49.706496,45.149184
2021-12-17,77.254,5.285,51.405,55.83,5.683,4.6384,,92.697843,60.32166,256.98984500000006,36.86,829.7075290000001,16.957682,508.53472600000003,86.92369000000001,51.362381,45.543743
2021-12-24,78.424,5.2498,51.345,57.27,5.891,4.6723,,92.964753,61.469373000000004,252.04311300000003,38.36,949.3099000000001,16.842021,531.3377370000001,86.15854800000001,51.798334000000004,45.525949000000004
2021-12-31,79.246,5.249,51.155,57.88,5.966,4.6602,,93.00356099999999,59.35275,246.705201,37.38,929.2266539999999,16.012053,478.770057,91.174617,52.063353,45.45101699999999
2022-01-07,77.518,5.1864,50.76,54.73,5.714,4.6784,,92.68506,55.531818,219.09058199999998,35.8,903.930192,14.576111999999998,425.09259,75.943656,53.102466,45.576756
2022-01-14,76.54,5.192,51.245,54.0,5.789,4.7533,,93.150088,59.52374700000001,222.304314,33.8,919.248438,14.021558000000002,437.514648,70.02021,53.765362,44.05274
2022-01-21,74.8,5.1848,51.995,51.87,5.363,4.7343,,85.908188,57.515924,194.137172,32.52,831.76468,11.922635999999999,331.234268,56.846212,53.26854,43.284544
2022-01-28,73.64,5.1618,51.42,50.58,4.9515,4.5826,,87.331153,50.450625,190.205583,30.6,759.091315,11.399599000000002,304.004255,51.230928,54.567396,43.329239
2022-02-04,73.752,5.1102,50.705,50.64,5.184,4.6103,,78.91016,53.68335,207.97715399999998,30.22,805.966028,11.295326,341.862556,53.133423,53.211984,40.764430000000004
2022-02-11,74.544,5.0682,51.76,50.75,5.297,4.7167,,83.096541,51.438618000000005,220.354299,30.2,757.746,11.568843000000001,362.140911,51.852735,53.121519,41.164992
2022-02-18,72.964,5.0734,53.69,49.175,5.138,4.6725,,87.517364,54.746933999999996,227.81190300000003,29.0,756.970434,9.733965999999999,349.760301,58.624621000000005,55.241582,40.932122
2022-02-25,73.204,5.052,53.89,49.935,5.202,4.5427,,89.920247,54.540917,246.44053100000002,29.74,718.1117290000001,10.170449000000001,359.11350000000004,56.243381,55.729095,42.233521
2022-03-04,72.934,5.1148,57.785,50.08,4.943,4.4413,,85.331619,49.039394800000004,268.100189,30.18,766.448547,10.020728,375.19214800000003,43.328677,57.207751,42.094372
2022-03-11,72.454,5.0218,58.29,48.87,4.8245,4.2842,,83.768184,43.468945000000005,291.255673,40.44,728.620135,10.434379000000002,358.03020200000003,34.857605,53.060512,42.525362
2022-03-18,75.212,5.0138,55.94,51.41,5.183,4.4367,,85.8895,51.334798,282.540291,38.24,818.563099,11.590562,410.714548,41.226960000000005,54.33641,44.436515
2022-03-25,76.724,4.9454,57.275,53.0,5.289,4.4348,,89.955066,49.68781800000001,305.162754,36.78,919.884528,11.805294,429.996684,42.014832,56.004606,45.974202
2022-04-01,76.706,4.9593,56.18,53.3,5.13,4.4932,,86.43705,52.31478,292.19343299999997,39.88,981.6624089999999,12.517533,444.38599800000003,42.032844,56.903636999999996,45.698499000000005
2022-04-08,77.228,4.8976,57.54,52.64,4.8,4.5033,,81.57804,55.252755,277.30280999999997,43.08,942.938055,11.67765,416.75418,35.67659999999999,58.691685,49.138079999999995
2022-04-14,76.672,4.876,58.545,51.76,4.693,4.4743,,78.75517500000001,54.98609999999999,276.45687000000004,41.4,905.7075,11.42019,413.03020499999997,37.322505,59.785889999999995,47.473785
2022-04-22,75.04,4.8313,57.545,50.14,4.625,4.3217,,78.18462199999999,53.792426999999996,232.887606,40.74,930.374785,11.071372,378.68535599999996,31.112776999999998,60.401925,44.322516
2022-04-29,75.09,4.8297,58.175,49.91,4.5455,4.4263,,76.98707999999999,54.91764,237.38868,43.72,825.48048,9.8592,335.75316,28.667519999999996,61.25028,43.778639999999996
2022-05-06,72.648,4.7864,57.43,48.08,4.521,4.2248,,84.319173,54.147667999999996,238.539613,44.62,820.030245,8.980404,278.73355200000003,27.272767,61.328202,41.624362
2022-05-13,72.312,4.8126,55.955,47.16,4.463,4.2082,,86.4768,58.3488,222.95999999999998,45.14,738.8064,8.0064,196.38719999999998,25.631999999999998,63.09119999999999,38.16
2022-05-20,69.764,4.823,56.165,44.425,4.3615,4.2234,,82.447344,63.03803868,243.147708,42.58,628.58052,7.650144,191.9637,27.381456,57.73586399999999,38.922948
2022-05-27,72.676,4.8432,55.7,46.765,4.655,4.2584,,81.936288,64.839456,261.071232,46.66,707.3674560000001,8.24112,204.295968,28.829952000000002,60.230016000000006,40.097472
2022-06-03,72.33,4.7898,55.595,46.65,4.6405,4.2978,,78.3552,68.183016,278.29155199999997,44.18,656.27144,8.339231999999999,211.950816,28.161232000000002,58.738415999999994,38.757839999999995
2022-06-10,69.97,4.723,56.97,44.83,4.3155,4.2777,,78.774,74.366,270.142,44.5,661.8555,7.8469999999999995,193.192,26.941999999999997,58.339499999999994,37.601
2022-06-17,66.224,4.686,56.635,42.72,3.936,4.1379,,73.035842,71.04490799999999,262.355566,42.48,619.456728,7.849424,159.65576,24.996223999999998,56.613018,37.122822
2022-06-24,69.098,4.71,55.75,45.15,4.0705,4.1755,,77.83267800000002,74.72619,271.192614,41.58,698.126352,9.650949,194.572224,27.93945,59.705184,39.437244
2022-07-01,68.32,4.7607,55.795,43.94,3.728,4.142,,74.63716199999999,76.459452,264.99933,39.64,653.9047889999999,8.890856999999999,159.949107,24.64887,61.746857999999996,40.291790999999996
2022-07-08,71.63,4.728,55.075,47.59,3.9515,4.2827,,78.705494,81.01342899999999,289.827531,44.1,738.8240089999999,9.987957,217.319088,31.417378999999997,62.009794,40.393773
2022-07-15,71.106,4.7669,54.33,47.21,3.9795,4.1523,,81.24694799999999,74.595325,263.537105,41.8,713.93426,8.961351999999998,212.118374,31.32508,61.95625,42.090598
2022-07-22,72.576,4.8058,54.435,48.49,4.257,4.2147,,83.19207,69.89425500000002,282.718005,47.32,799.1703050000001,9.62844,275.85872,31.781679999999998,60.265815,41.17528
2022-07-29,74.852,4.855,55.635,49.91,4.349,4.2481,,88.451788,71.418512,352.135114,53.05,871.65981,10.12023,279.709468,33.53854,62.745426,40.549366
2022-08-05,75.326,4.8083,56.25,51.41,4.475,4.292,,89.315784,72.179502,309.6948,52.8,848.603016,11.23932,313.27763999999996,35.013672,62.21380800000001,40.402656
2022-08-12,76.92,4.8147,56.35,52.37,4.5105,4.3574,,91.90382299999999,71.469919,322.22394799999995,59.5,877.497741,9.661259,343.98371599999996,37.92361,62.101130000000005,40.9458
2022-08-19,77.6,4.7593,56.005,52.56,4.384,4.3494,,92.01335200000001,69.4431,299.008548,53.2,886.0840000000001,8.472556,281.7548,34.29842000000001,64.883252,41.984452000000005
2022-08-26,76.11,4.7346,55.86,51.05,4.2495,4.4129,,86.946825,67.63867499999999,288.64982499999996,50.5,288.81022499999995,7.95985,249.82299999999998,32.190275,63.26777499999999,40.72154999999999
2022-09-02,73.912,4.6942,54.95,49.28,3.978,4.2969,,79.940196,55.09134,268.295328,50.85,271.39892399999997,7.4325600000000005,219.019464,32.211107999999996,61.419059999999995,40.176
2022-09-09,74.672,4.666,55.04,49.905,4.0405,4.2751,,80.84638799999999,56.339639999999996,311.5602,54.6,298.301472,7.754166,260.76493800000003,37.377269999999996,62.033328,42.00588
2022-09-16,71.52,4.6389,53.77,46.79,3.7765,4.0589,,74.85501799999999,54.162332,309.951082,51.95,302.80397,7.765996,205.968588,39.189332,59.432828,42.27377
2022-09-23,70.126,4.5724,54.515,46.455,3.5685,3.9938,,72.66688,54.840786,267.13336000000004,47.8,284.195626,7.638280000000001,197.61469,34.640632000000004,60.486920000000005,40.87512
2022-09-30,69.26,4.5201,54.9,45.815,3.512,3.8591,,69.96197099999999,50.147745,236.158638,48.0,270.634575,8.295039000000001,216.56887799999998,33.578072999999996,57.157206,41.444585999999994
2022-10-07,69.68,4.5124,55.915,45.51,3.5505,3.9321,,74.61928,50.806799999999996,215.153968,42.94,228.959048,8.36516,226.11592000000002,34.84628,55.949064,41.692367999999995
2022-10-14,68.892,4.4742,54.335,44.4,3.299,3.8077,,67.56588,49.959672,198.882276,40.0,210.81171600000002,7.743852,215.254404,29.525364,56.54143199999999,41.629631999999994
2022-10-21,69.786,4.4371,53.885,45.235,3.428,3.8248,,72.90660000000001,51.714,205.49724,40.9,217.44216,8.40606,235.87668000000002,32.36688,56.74344,41.330639999999995
2022-10-28,71.788,4.5118,53.07,45.79,3.5855,3.6919,,75.10449,44.019158,232.50784800000002,51.1,229.29696800000002,8.669376000000002,280.94196600000004,34.597232,60.966584000000005,41.751474
2022-11-04,70.528,4.4827,54.26,43.175,3.5675,3.8998,,71.839084,48.930086,219.85410000000002,51.55,208.279133,7.960927,278.18069,32.114761,59.491113999999996,41.210094999999995
2022-11-11,72.202,4.5485,54.86,45.015,4.095,3.9396,,55.738315,47.821215,278.942605,55.05,189.209035,8.119855000000001,169.13629,33.695949999999996,59.204460000000005,41.757875
2022-11-18,72.088,4.5755,54.5,45.035,4.145,3.9309,,54.41284,45.766814000000004,296.646798,60.0,174.459958,7.154997999999999,164.710184,29.375187999999998,59.195747999999995,38.87323
2022-11-25,73.126,4.6017,54.135,45.22,4.205,3.9039,,53.652629999999995,42.05336,290.13551,60.55,175.72846,6.99608,175.863,28.378330000000002,60.24509,39.45866
2022-12-02,72.998,4.6317,54.875,45.35,4.2025,4.0344,,52.162,49.3168,292.837468,64.65,184.805224,7.264744,196.261896,29.741824,61.02954,38.960271999999996
2022-12-09,71.486,4.6359,55.0,44.25,4.228,4.0016,,51.640531,51.184963,298.77668000000006,68.45,169.93635500000002,6.748101000000001,192.90457500000002,25.900939,59.926174,38.448041
2022-12-16,68.978,4.6113,54.255,42.355,4.0365,3.8983,,49.193796000000006,49.873764,302.708532,65.2,141.877212,6.516360000000001,164.08950000000002,21.230112000000002,59.2611,38.097096
2022-12-23,68.854,4.5675,54.58,41.19,3.874,3.8772,,47.612352,46.143299999999996,292.06825499999997,67.85,115.970355,5.923293,153.18633899999998,18.024138,60.099294,37.093563
2022-12-30,68.478,4.5394,54.795,40.59,3.83,3.8953,,48.721562999999996,45.891846,264.54585299999997,66.85,115.037802,5.995638,132.212223,17.211776999999998,59.405378999999996,36.562185
2023-01-06,70.062,4.5997,56.39,41.16,4.0,4.0818,,51.806272,49.308,264.675952,65.25,106.185952,6.01088,150.69464,15.40288,59.54528,37.173536
2023-01-13,70.816,4.6315,56.845,42.2,4.292,4.1332,,53.14634,54.5493,290.76346,78.2,112.97520000000002,6.42408,200.26331000000002,15.18335,56.69989,36.39389
2023-01-20,70.36,4.6349,57.09,42.315,4.2695,4.1636,,54.185756000000005,53.66084300000001,271.41685700000005,77.45,122.866478,6.464718,221.04362700000001,14.946207000000001,55.327672,36.872836
2023-01-27,72.21,4.6292,57.115,44.61,4.5175,4.2272,,55.463939999999994,58.4073,281.86351199999996,77.65,163.63242,6.944489999999999,237.639528,18.239634,55.638702,36.138942
2023-02-03,73.856,4.6421,55.37,47.31,4.771,4.1455,,57.35644,59.64366,292.61600000000004,77.2,175.92148,7.787660000000001,263.68776,18.4274,55.40258,35.289860000000004
2023-02-10,73.288,4.5973,56.0,46.0,4.5945,4.1123,,55.62216,56.783296,281.584844,77.1,184.367796,7.032364,227.891668,17.65114,55.828168,35.686204
2023-02-17,73.132,4.5722,55.385,45.945,4.539,4.06,,54.37378399999999,54.775791,285.181896,79.0,194.749019,8.60108,274.907345,18.903678,56.206188,35.414012
2023-02-24,72.11,4.5415,55.25,45.24,4.452,3.9715,,51.036223,52.64799300000001,280.808258,73.0,186.66192800000002,7.670129,242.52398000000002,16.421092,56.73430400000001,34.899561000000006
2023-03-03,73.03,4.5267,55.955,45.975,4.5605,4.0763,,50.675399999999996,54.4918,307.2202,70.9,185.9226,7.8302,232.09539999999998,15.9048,55.873599999999996,34.309999999999995
2023-03-10,71.22,4.5666,55.945,45.305,4.5605,3.9442,,48.426984,48.206178,285.939072,81.1,162.964224,6.906059999999999,180.41259599999998,13.304736,55.633716,33.5907
2023-03-17,70.328,4.6323,59.02,46.985,4.7055,3.8438,,46.826887,48.260650000000005,250.402491,73.65,168.799823,7.384348,250.82418600000003,12.191671000000001,56.244742,32.864097
2023-03-24,70.266,4.6581,59.39,47.14,4.75,3.8987,,47.741310000000006,49.72937,264.31908,75.75,176.89089,7.6178,238.44643000000002,12.65298,56.576100000000004,32.85873
2023-03-31,72.378,4.6297,58.535,48.175,4.916,3.9568,,49.791819000000004,54.24459600000001,280.211505,98.95,191.25737400000003,7.790055,269.489808,14.271012,57.18545700000001,33.059334
2023-04-06,72.042,4.6648,59.155,47.54,4.741,3.9198,,42.711627,53.663799000000004,258.35325600000004,97.5,170.606814,7.458171,267.44319,13.339893000000002,57.932196000000005,35.170485
2023-04-14,72.634,4.6228,58.48,47.525,4.745,3.933,,41.136732,51.92103,273.208278,103.1,168.2205,8.010933,303.478875,12.166434,57.331365,35.217189
2023-04-21,72.664,4.609,57.895,47.4,4.663,3.8714,,42.80609,51.631150000000005,290.40816,105.3,150.18978400000003,7.442164,264.769996,11.145050000000001,58.272690000000004,35.909806
2023-04-28,72.566,4.6428,57.955,47.675,4.5365,3.8661,,43.7917,55.045939999999995,259.23778799999997,97.8,149.127756,7.0339,298.037688,11.635432,58.22254,35.596072
2023-05-05,72.4,4.6382,58.73,47.985,4.5825,3.8901,,43.346016,54.79488,266.163408,105.3,154.278432,6.722352,296.40038400000003,12.165552,58.078944,36.097488
2023-05-12,73.236,4.6486,59.495,49.125,4.5915,3.8724,,38.90573,56.598530000000004,278.15477500000003,98.95,154.79357,8.754249999999999,249.7265,11.896565,59.077365,36.703345
2023-05-19,74.534,4.6104,58.875,51.1,4.931,3.9367,,43.197587999999996,57.787992,273.785184,105.2,166.665528,10.834092000000002,266.716656,12.462444000000001,58.130316,37.026504
2023-05-26,74.858,4.5685,58.335,53.24,5.298,3.9808,,49.977797,55.466688,274.360679,102.0,180.015123,12.720435,265.68469,14.108966,56.156293999999995,37.518294
2023-06-02,76.064,4.6097,58.82,54.37,5.33,4.0362,,49.4755,59.043875,271.70451,95.7,199.740995,13.55442,282.03835499999997,13.51708,57.092859999999995,37.704065
2023-06-09,76.254,4.5978,58.68,54.22,5.411,4.0882,,47.501118000000005,59.827593,262.651599,86.4,227.36532,13.973106,262.651599,12.903260999999999,56.255241,36.421245
2023-06-16,77.214,4.603,57.66,55.64,5.63,4.1169,,52.80029999999999,62.602154999999996,252.76545,89.3,238.00329000000002,14.89005,268.01176499999997,13.592880000000001,56.335545,35.6265
2023-06-23,75.764,4.6065,56.735,54.68,5.33,3.9674,,50.734103999999995,59.40267119999999,223.57324,102.0,235.45616,12.873928,301.991336,12.415128,56.15712,35.263368
2023-06-30,77.202,4.6015,56.505,55.67,5.541,4.0097,,51.98737199999999,58.787060000000004,246.55742,111.9,239.88602799999998,14.048412,313.79368800000003,15.267224,55.185608,35.00648
2023-07-07,76.142,4.5611,56.695,55.3,5.452,3.9832,,49.58016,60.580757999999996,235.997916,97.35,250.115502,13.980876,347.006436,22.51158,54.465264,33.876738
2023-07-14,76.498,4.5984,56.01,55.9,5.775,4.0473,,46.229568,61.562256,243.577824,89.55,250.540752,14.602559999999999,408.568944,22.099728,54.225359999999995,35.046144
2023-07-21,77.7,4.6077,56.72,55.91,5.576,4.0281,,46.58204,61.082215999999995,237.08775999999997,89.95,233.60196799999997,14.760712,392.28635999999995,22.702568,56.096095999999996,35.756319999999995
2023-07-28,78.972,4.5944,57.185,57.31,5.8,4.2029,,47.5167,64.00597499999999,214.886925,86.3,241.7943,16.162574999999997,394.408575,24.448050000000002,56.700599999999994,35.04765
2023-08-04,77.602,4.5657,56.555,56.16,5.578,4.1039,,47.58444,62.005068,165.864465,86.8,230.530266,16.52742,342.326457,22.938606000000004,55.130751000000004,34.308018000000004
2023-08-11,77.038,4.5607,56.225,54.84,5.286,4.0064,,45.230796000000005,58.49046,161.04282,76.95,221.58798000000002,14.072412,350.951892,19.697724,55.860444,34.619412
2023-08-18,75.748,4.5377,55.92,53.98,5.191,3.9324,,44.12240799999999,51.7275,149.28786399999998,73.4,198.164604,13.24224,302.198952,19.109288,56.049620000000004,33.078012
2023-08-25,76.77,4.5472,56.87,55.21,5.242,4.0038,,47.777499000000006,53.389665,149.75037,73.5,220.958199,13.456233,311.215905,18.586827,55.927179,33.969348000000004
2023-09-01,78.906,4.5676,57.645,57.6,5.526,4.0827,,50.004531,59.413436999999995,150.27340499999997,73.7,227.344779,14.085522,326.138292,21.629348999999998,55.033749,33.886908
2023-09-08,78.64,4.5543,57.64,57.49,5.367,4.0376,,46.402303999999994,58.016896,139.08544,68.55,232.1984,14.137472,332.908032,21.58464,54.503552,33.488896000000004
2023-09-15,79.266,4.541,57.98,57.28,5.285,4.0138,,45.253675,58.956393999999996,131.577991,66.55,257.35038099999997,14.378007,319.61756199999996,22.678421999999998,54.341925999999994,34.120802
2023-09-22,77.486,4.5189,58.11,55.86,5.127,3.9629,,43.588271999999996,58.962976000000005,126.41632,61.6,229.991296,13.270896,303.183152,19.338128,54.09792,32.186384000000004
2023-09-29,77.28,4.5005,56.375,56.12,5.195,3.9418,,42.722208,58.248960000000004,122.46465599999999,61.45,236.608032,15.1296,310.421568,22.959168000000002,52.934687999999994,32.084208
2023-10-06,76.464,4.455,55.67,56.29,5.193,3.9042,,38.915802,56.863143,117.04007700000001,61.2,245.96637299999998,15.681501,321.58878300000003,17.862372000000004,50.169474,32.207971500000006
2023-10-13,77.848,4.4892,58.855,57.47,5.276,3.9484,,39.402846000000004,58.600080000000005,113.927688,63.8,238.890456,16.514568,302.722686,18.36009,50.314257000000005,33.67602
2023-10-20,75.354,4.4363,60.52,55.22,5.056,3.8088,,36.460704,58.493764,78.22444,59.75,200.03376400000002,15.201395999999999,328.410544,15.776991999999998,51.492252,31.478496
2023-10-27,73.922,4.4549,60.135,54.13,4.9525,3.7896,,34.125827,58.610895000000006,72.840239,56.6,196.12653000000003,14.257727000000001,384.835636,15.147061000000003,52.262564000000005,31.098307
2023-11-03,77.0,4.5194,59.67,56.53,5.28,3.9187,,39.85232,57.99836,70.4592,54.05,205.00272,17.60548,423.08140000000003,16.50572,52.88168,30.681440000000002
2023-11-10,77.132,4.5112,58.41,57.79,5.415,3.9132,,37.92517,57.85132,66.55147,53.3,200.80507500000002,18.401285,476.33789,14.4067,53.06156,30.675045
2023-11-17,78.31,4.5542,58.575,58.38,5.702,3.9521,,40.459720000000004,57.836240000000004,72.35484,55.45,214.61880000000002,18.76884,445.37752000000006,15.2972,52.45016,30.585240000000002
2023-11-24,78.84,4.5571,58.73,58.73,5.725,3.9578,,40.006544,54.26784,71.333888,57.9,215.10711999999998,17.54112,475.291264,15.010447999999998,53.509552,30.897952
2023-12-01,79.818,4.625,60.81,58.89,5.748,3.993,,40.643625,48.60013125,75.75788,57.65,219.365355,18.617995,484.67407999999995,16.560555,53.860839999999996,31.559659999999997
2023-12-08,80.858,4.6326,59.98,59.98,5.758,3.988,,40.908273,49.98558,72.84144,60.95,226.551744,16.510107,556.893249,17.690064,54.454551,33.4476
2023-12-15,81.962,4.7126,59.93,61.36,6.307,4.0479,,45.4346,48.141225,89.1076,58.0,232.58625,16.6985,523.351175,20.946524999999998,53.7655,31.864774999999998
2023-12-22,82.05,4.7336,60.055,61.31,6.286,4.0068,,48.124,47.86068,87.19524,58.15,229.30632,15.80828,562.2699200000001,21.07468,52.95456,32.27032
2023-12-29,82.26,4.7374,59.9,61.5,6.346,4.0727,,47.482036,50.06356600000001,84.78288,60.55,225.073184,15.552586000000002,572.121396,21.250068000000002,53.378794,32.817133999999996
2024-01-05,81.628,4.706,60.075,60.0,6.03,4.0545,,46.119485999999995,48.76950599999999,72.720204,56.65,217.018362,14.602523999999999,576.680904,17.435304,54.526446,33.838014
2024-01-12,82.684,4.7212,60.165,61.72,6.153,4.0284,,46.28403,49.187052,67.773696,52.6,199.824681,15.300204000000003,443.240337,16.486974,55.130031,33.749913
2024-01-19,83.004,4.6734,59.8,63.26,6.479,3.9411,,49.35612,46.37457,63.401514,46.8,194.663106,15.393972000000002,441.2694,14.201352,54.888042,32.420916000000005
2024-01-26,84.954,4.6854,59.695,64.78,6.671,4.0339,,50.903670000000005,45.386880000000005,63.40164000000001,48.06,168.77325000000002,15.058350000000003,455.4345,14.082089999999999,54.67977,32.82444
2024-02-02,86.062,4.7049,60.56,65.62,6.59,4.0196,,52.340016,40.969407,63.0156,47.86,174.13619699999998,15.772433999999999,463.44267,14.45652,56.102418,31.461465
2024-02-09,86.924,4.6721,60.29,66.75,6.936,4.1036,,46.535014499999996,43.589326299999996,72.075744,52.75,179.420033,22.597821999999997,599.074008,15.460691999999998,55.206164,29.948139
2024-02-16,87.712,4.6653,59.945,66.49,7.05,4.1854,,46.166652,45.17412,78.901656,54.3,185.47361999999998,22.670544,648.911856,15.11988,55.090164,29.942928000000002
2024-02-23,88.39,4.6809,60.465,66.84,7.126,4.2086,,45.340104,43.446314,62.21792999999999,47.94,177.341886,21.219686,635.0570720000001,9.302666,56.53656,30.448448
2024-03-01,88.796,4.6905,61.63,67.62,7.471,4.2025,,46.566927,45.995101,62.605723999999995,58.85,186.894872,22.992939,995.5213970000001,10.468105,54.904519,30.509684
2024-03-08,88.908,4.7248,63.91,66.93,7.716,4.1979,,43.57952,43.65264,69.20808,56.7,160.26076,23.80056,1302.98926,11.68092,54.40128000000001,30.9846
2024-03-15,88.61,4.6849,63.87,65.87,7.319,4.178,,41.805789999999995,49.028876,56.499767999999996,54.6,150.12454599999998,21.559122,1635.850008,10.132511999999998,54.957864,29.956992
2024-03-22,90.986,4.7132,64.365,68.21,7.543,4.2197,,47.048736,50.349915,59.82809,55.0,157.966501,22.359246,1408.3181,9.98676,55.935103,28.961603999999998
2024-03-28,91.452,4.7217,66.085,68.1,7.544,4.2478,,43.784545,46.947019000000004,65.635206,53.5,162.553013,21.277347,1576.206632,10.125464999999998,56.573145999999994,29.516424
2024-04-05,90.234,4.6889,68.935,67.27,7.437,4.2547,,42.33816,46.987055999999995,61.514855999999995,49.5,152.10376,21.178304,1327.3336,9.31624,54.892024,27.893376
2024-04-12,90.86,4.6718,72.39,68.55,7.418,4.278,,40.812585000000006,49.388394,61.383255,49.18,160.66726500000001,21.293931,1389.769494,8.575809000000001,54.742404,28.733187
2024-04-19,88.146,4.6418,72.08,64.88,6.802,4.1706,,39.15212,48.11939999999999,52.340399999999995,45.96,137.9329,19.20086,1101.3151799999998,8.094940000000001,56.43946,28.524579999999997
2024-04-26,89.804,4.637,70.19,66.79,7.148,4.2998,,40.584674,50.772904,54.39954,50.85,157.300663,21.049443999999998,1198.640586,8.449687999999998,57.708378,28.274675
2024-05-03,89.65,4.6698,68.445,66.78,7.188,4.3873,,41.554512,54.009719999999994,56.14596,50.05,168.28927199999998,21.668903999999998,1135.931688,9.353016,57.743496,27.706103999999996
2024-05-10,91.436,4.6772,70.52,67.82,7.343,4.3895,,40.650256999999996,52.708874,45.923001,47.04,156.390701,19.122980000000002,1095.839584,9.273717,58.724258,28.730885
2024-05-17,91.974,4.6922,71.275,68.83,7.648,4.4849,,42.35679,52.722936,44.52751799999999,48.54,163.227708,20.014848,1457.4231,9.6579,57.974993999999995,30.178638
2024-05-24,92.036,4.6754,69.14,69.98,7.952,4.4183,,42.656276,49.218779999999995,44.260034000000005,50.3,165.205508,19.364917000000002,1552.9170279999998,9.622547999999998,57.145399999999995,29.12572
2024-05-31,90.726,4.6693,69.06,67.96,7.639,4.2818,,40.07655,51.694143,45.134487,48.18,164.06510400000002,19.973784,1404.512637,10.060596,57.977409,29.490813
2024-06-07,93.072,4.6892,68.68,71.04,8.034,4.3771,,42.383224,53.342328,42.846024,46.84,164.275488,21.575736,1477.44272,10.662911999999999,59.15509599999999,31.053879999999996
2024-06-14,94.064,4.7326,69.9,73.89,8.349,4.4512,,44.150064,54.34716,37.221267999999995,41.56,166.22573799999998,22.009666,1396.535252,10.159744,58.409189999999995,32.374846
2024-06-21,94.786,4.7197,70.07,74.44,8.381,4.5061,,45.487368,56.452571999999996,30.857747999999997,28.04,171.07774799999999,22.285632,1387.018848,9.647136,58.677396,33.269532000000005
2024-06-28,95.186,4.709,69.915,74.77,8.318,4.5036,,47.518544000000006,55.133456,23.572632000000002,26.36,184.661616,23.637956,1285.464336,12.523544000000001,59.39818,32.354044
2024-07-05,95.326,4.7283,70.865,75.78,8.523,4.5357,,51.04377,55.424220000000005,23.101110000000002,28.18,231.95174400000002,25.111506000000002,1182.002184,13.639337999999999,58.799472,31.382466
2024-07-12,96.344,4.7512,71.095,75.56,8.75,4.6083,,54.299384,57.79163,29.010389999999997,28.62,227.527618,25.728962,1280.270216,16.599626,58.38742,32.713454
2024-07-19,94.33,4.7505,71.025,72.44,7.894,4.4391,,50.311722,56.999129999999994,23.598834,24.8,219.72912,26.253587999999997,1633.7301,15.38655,59.975394,36.073422
2024-07-26,93.722,4.7584,70.655,70.42,7.527,4.4129,,47.73543,55.89549,25.39197,24.92,202.43580000000003,25.032780000000002,1614.24591,14.92941,61.75305,37.53996
2024-08-02,90.704,4.8195,71.43,68.07,6.931,4.3041,,40.619579,51.092887999999995,23.200716,23.82,190.288021,22.669262,1326.793237,13.487936000000001,63.527079,37.302573
2024-08-09,91.004,4.8203,71.49,68.02,7.038,4.3389,,39.617000000000004,50.37084,19.4192,22.18,183.20000000000002,27.489160000000002,123.99892000000001,12.7782,62.910880000000006,36.804880000000004
2024-08-16,94.052,4.8229,72.675,71.41,7.658,4.4448,,47.11987,51.72489,22.925385,22.16,195.91278,29.080519999999996,120.60076,11.974865000000001,62.711670000000005,36.76764
2024-08-23,94.366,4.8487,72.325,71.04,7.766,4.4289,,52.856561,51.9141295,25.700241,21.2,196.81185599999998,28.389074,134.003933,12.470468,62.343407000000006,37.259543
2024-08-30,95.132,4.838,72.835,70.83,7.567,4.4318,,52.119766999999996,55.152773749999994,22.011350999999998,20.98,193.705317,28.479955999999998,119.80037399999998,12.783411,65.563609,38.295950999999995
2024-09-06,91.766,4.8781,72.865,67.23,6.74,4.2821,,46.992798,53.972730000000006,17.576082,18.57,190.036314,27.351594,103.07574,11.930814000000002,64.15405200000001,36.513882
2024-09-13,94.986,4.8927,74.8,71.09,7.297,4.3131,,50.347028,55.311327999999996,17.781219999999998,18.78,207.85975399999998,32.123534,127.690822,12.1851,64.45466599999999,35.300686
2024-09-20,95.358,4.8835,75.435,71.43,7.347,4.3625,,54.94506,56.037692,18.243372,17.41,213.3767,33.31632,129.664968,10.487476000000001,64.16078399999999,35.33142
2024-09-27,96.662,4.879,76.41,72.49,7.738,4.6218,,57.780162,63.430136000000005,20.701648,18.61,233.215884,32.986536,157.787388,10.38664,64.280766,35.941356
2024-10-04,97.298,4.8467,77.935,73.19,7.609,4.691,,62.704319999999996,70.897806,18.346481999999998,17.44,227.922912,36.465114,160.87121399999998,9.515016,63.952938,34.423578
2024-10-11,98.82,4.8385,78.04,74.73,7.791,4.6601,,62.371359999999996,69.94842,17.786440000000002,16.34,199.06920000000002,39.76814,194.30726,9.597,63.58698,35.810520000000004
2024-10-18,100.12,4.8527,80.425,75.63,7.591,4.6616,,60.9316,67.70280000000001,15.9252,14.91,203.044,39.5324,198.59120000000001,9.236799999999999,64.8048,36.3952
2024-10-25,99.74,4.8202,81.41,76.51,7.662,4.5941,,59.587309000000005,69.54784099999999,14.913027,16.6,249.18918299999999,41.526902,216.928538,9.673564999999998,61.947843999999996,37.555648999999995
2024-11-01,98.294,4.8034,81.355,74.92,7.376,4.5465,,60.265769999999996,66.44451,16.313718,15.8,229.609356,38.658624,211.83856200000002,9.387996,59.952222000000006,36.205572
2024-11-08,102.355,4.8137,80.505,79.5,7.637,4.5831,,78.19851,65.757626,12.618077999999999,14.14,299.569772,54.454513999999996,252.193692,9.876234,59.611792,35.075086
2024-11-15,102.075,4.7946,78.165,78.41,7.077,4.4949,,77.26347,64.343538,10.093104,12.0,304.23499200000003,62.389421999999996,323.14059,9.542916,58.566564,33.997824
2024-11-22,104.9,4.81,83.51,80.45,7.148,4.5849,,85.499673,64.088766,11.401236,11.86,338.351832,61.75669499999999,404.878236,9.827328,61.344024000000005,34.011768
2024-11-29,104.805,4.8609,81.08,80.12,7.189,4.5333,,82.195347,62.291541,14.932580000000002,13.66,326.21071600000005,63.397308,366.19789700000007,11.558573,60.562008,34.250424
2024-12-06,105.895,4.8699,80.33,82.55,7.321,4.5952,,87.835924,64.3348,12.091158,14.35,368.24104200000005,72.22527400000001,373.71896100000004,12.2993,59.15963300000001,34.542111
2024-12-13,105.595,4.8394,81.505,83.72,7.37,4.6305,,88.441256,65.84552400000001,12.706529999999999,14.11,415.203714,72.403426,388.972106,13.677366,60.077616,33.684202
2024-12-20,104.24,4.818,80.985,83.23,7.232,4.5684,,81.557688,66.23926,14.158522,13.23,403.628116,77.21522999999999,349.12212,13.257438,59.960429999999995,33.0717
2024-12-27,104.0,4.8,80.7,83.02,7.393,4.5748,,80.892804,67.1651916,13.23282,14.11,413.918774,75.82981199999999,316.437,13.088985,59.883305,33.628623
2025-01-03,103.59,4.8131,80.61,82.24,7.353,4.5262,,86.65163,65.306332,14.818544,13.56,398.044712,77.477322,329.40226800000005,15.992001999999998,59.88515,34.117564
2025-01-10,104.145,4.77,84.6,82.04,7.371,4.4989,,82.338004,62.597570000000005,14.354018000000002,14.76,385.187292,65.63230800000001,319.974578,13.51483,59.592106,35.577668
2025-01-17,106.705,4.7951,84.825,84.26,7.711,4.5892,,91.908135,66.285615,13.541385,15.55,415.19775000000004,69.868095,385.99275,13.833435000000001,61.048185000000004,35.386725000000006
2025-01-24,106.84,4.7987,84.95,84.16,7.852,4.5547,,91.10662500000001,67.1703,13.9827,14.44,387.26745,75.22845000000001,336.870675,12.163425,58.9788,36.242625
2025-01-31,108.18,4.825,86.845,84.76,7.52,4.6188,,82.0829,67.6272,12.641499999999999,13.57,390.439,79.60284999999999,323.07235000000003,12.1204,61.258199999999995,37.87625
2025-02-07,107.875,4.8355,89.13,84.38,7.374,4.6514,,83.14261,81.816587,13.831290999999998,14.04,350.011998,107.291715,317.045324,12.079392,61.790736,38.493383
2025-02-14,107.87,4.8411,88.525,84.92,7.57,4.6667,,74.01350400000001,88.97246399999999,15.587807999999999,15.52,339.04435199999995,113.535648,321.789144,13.367783999999999,65.619336,39.11244
2025-02-21,107.85,4.8398,90.365,84.9,7.684,4.7882,,70.08592499999999,96.40995000000001,16.835910000000002,15.08,322.7679,96.839925,286.353795,12.392835000000002,68.174925,39.57681
2025-02-28,105.525,4.8716,88.04,80.28,7.014,4.5881,,67.777021,92.3369155,15.891412999999998,14.44,282.344826,81.837404,246.157891,11.410207999999999,68.62507699999999,40.224838000000005
2025-03-07,99.148,4.836,86.42,73.97,6.765,4.5018,,57.315107999999995,83.393436,15.54918,20.12,242.391876,78.354948,265.009704,10.307675999999999,65.915604,40.501692
2025-03-14,97.882,4.8174,88.285,73.1,6.886,4.4811,,58.45759,91.98271000000001,14.814280000000002,21.8,229.73162,79.25456,273.39331000000004,9.87925,63.55804,39.75594
2025-03-21,98.908,4.8362,89.605,73.48,6.852,4.5349,,61.554301,93.481956,15.737423000000001,20.96,229.83291100000002,84.056136,280.9264,10.71956,63.457947000000004,40.38317000000001
2025-03-28,97.82,4.8416,91.595,72.24,6.452,4.4558,,57.780114,96.0232,14.634305,17.7,243.33571500000002,79.265305,267.21225300000003,11.458153,64.972621,38.704736000000004
2025-04-04,89.05,4.9195,88.44,65.38,5.607,4.082,,45.208632,80.419552,13.418462000000002,13.46,218.408046,67.511922,267.831042,10.225762000000001,63.79014600000001,34.34433
2025-04-11,87.85,4.8099,91.76,65.37,5.893,4.0005,,45.1176,84.7704,11.2288,12.17,222.0328,77.92399999999999,263.98240000000004,10.0936,62.8584,33.528
2025-04-17,89.224,4.861,93.135,64.94,5.832,4.0994,,45.76,80.8456,11.1232,13.82,212.4056,82.5264,279.13599999999997,10.208,64.24,34.232
2025-04-25,92.358,4.87,92.65,68.5,6.301,4.2058,,52.776,91.469604,11.047776,15.25,250.64202,99.201288,324.317316,11.100552,63.252036000000004,34.76179200000001
2025-05-02,95.648,4.8626,91.87,71.68,6.59,4.3853,,55.612242,88.13381400000002,11.58957,16.2,254.094687,109.95051600000001,348.89913900000005,12.235401000000001,63.38875500000001,36.343476
2025-05-09,96.318,4.8575,95.365,72.14,6.713,4.4162,,57.662943000000006,88.249992,17.635776,18.57,265.123314,104.26797,369.80906699999997,12.675714,62.685227999999995,34.107093
2025-05-16,100.955,4.8459,91.735,77.57,7.26,4.5787,,69.804225,99.64228499999999,19.718909999999997,22.06,313.40709,115.98516000000001,358.0209,14.157855,64.476,34.951365
2025-05-23,97.95,4.8168,95.22,74.7,6.977,4.5015,,66.647292,104.030292,14.693717999999999,20.68,298.48346399999997,108.46347600000001,325.020996,13.748148000000002,63.128892,34.893732
2025-05-30,99.308,4.8475,93.25,76.0,7.094,4.4503,,63.67868,87.219,15.73466,19.48,305.23125999999996,116.09818,325.14186,12.80093,63.52009999999999,35.5043
2025-06-06,100.5,4.843,94.11,77.34,7.491,4.559,,71.48114999999999,91.584675,15.961725,19.17,258.98535,112.0743,328.597425,12.285,62.609624999999994,35.85465
2025-06-13,99.212,4.8651,95.17,76.28,7.698,4.5363,,71.381704,87.659312,20.168480000000002,18.5,281.588336,118.93344,331.41227200000003,11.616352000000001,61.474911999999996,35.766592
2025-06-20,98.848,4.879,93.97,76.29,7.715,4.5138,,77.806948,83.621208,14.336056,17.76,279.570448,119.14894000000001,320.82565999999997,11.776046000000001,59.739352000000004,34.01776
2025-06-27,100.375,4.8894,89.845,78.13,8.316,4.6162,,80.8407,80.789508,16.89336,21.96,276.121116,111.547368,327.526416,11.60352,60.005556,34.904411999999994
2025-07-04,100.56,4.8919,90.97,78.24,8.304,4.6086,,79.1343,79.95337199999999,23.497127999999996,23.62,269.05662,114.635952,344.684268,11.151323999999999,60.87581999999999,34.50340799999999
2025-07-11,101.335,4.8666,92.385,78.96,8.5,4.6393,,79.543646,78.551382,21.915348,22.1,268.17645400000004,121.55234,371.739732,11.145862,59.76679800000001,34.635146000000006
2025-07-18,102.21,4.863,92.48,80.26,8.48,4.7494,,87.919422,83.214675,22.895862,20.6,283.53196499999996,132.042552,364.011522,11.78337,60.07798499999999,34.472808
2025-07-25,102.945,4.8663,91.31,80.41,8.306,4.723,,88.99878,84.26444,23.186345000000003,21.14,269.12509,135.21820000000002,345.615335,11.929515,58.898255000000006,34.902985
2025-08-01,101.825,4.8991,93.24,80.0,8.06,4.6803,,92.06484,12.29775,22.04965,19.18,261.16969,133.13501,316.40169,10.68394,59.42618,33.51892
2025-08-08,103.55,4.8922,93.54,81.79,8.362,4.7476,,99.87593,12.22357,21.423460000000002,22.8,283.16934999999995,160.59864000000002,339.41667,10.127609999999999,60.42206,32.839569999999995
2025-08-15,104.55,4.8871,91.805,82.12,8.525,4.7821,,99.037128,12.300572,25.695287999999998,21.78,282.562688,151.44491599999998,313.130336,10.462752,59.767616000000004,33.832983999999996
2025-08-22,105.13,4.8965,92.63,81.57,8.512,4.8433,,101.844756,12.664456000000001,29.27162,23.52,290.164534,135.46871600000003,305.628142,11.171006,59.848942,34.878458
2025-08-29,104.585,4.8935,94.66,81.13,8.429,4.7786,,113.632236,11.67894,28.936392,22.66,285.659172,134.08107600000002,286.12119600000005,11.610492,59.027843999999995,34.882812
2025-09-05,104.55,4.9228,98.29,81.49,8.465,4.817,,127.519272,11.441412,29.367144,18.94,299.336688,130.633452,286.564284,12.123972,57.98347199999999,36.687599999999996
2025-09-14,106.495,4.9248,100.07,83.35,8.968,4.9175,98319.7,138.925644,11.368348,24.688233999999998,18.21,337.42006799999996,146.092646,282.453168,11.470612000000001,57.105922,35.23847
2025-09-21,106.965,4.9189,100.57,84.58,9.39,4.9746,98244.56,143.63984899999997,12.369388999999998,30.178585,21.64,362.71339099999994,155.26860699999997,293.48567499999996,12.241694,56.551859,35.575827
2025-09-28,107.065,4.9143,103.87,84.62,9.448,4.9392,95894.83,137.360875,11.67247,33.710025,20.94,376.3218,151.733565,264.09177,13.321655,56.11501500000001,33.829655
2025-10-05,108.87,4.9239,106.44,86.15,10.12,5.0758,105042.12,139.484215,11.83585,30.858360000000005,23.82,366.000245,147.369105,299.41294500000004,11.622975,56.752475000000004,38.57295
2025-10-12,107.92,4.9372,111.17,85.74,9.933,4.9693,99374.98,128.72444400000003,11.289308400000001,30.165624000000005,23.0,355.76679600000006,150.948576,262.24131600000004,11.01312,57.681216000000006,39.285864
2025-10-19,107.605,4.9542,117.21,85.29,10.314,5.0738,93280.2,141.405614,11.705848,31.770564,23.0,377.01584199999996,152.88833,248.766434,11.182345999999999,58.73520799999999,38.541762
2025-10-26,109.785,4.9581,114.08,88.55,10.6598,5.2096,98452.32,154.21593000000001,11.499536999999998,34.14597,23.06,373.042572,158.800263,248.63770799999998,11.164098,59.957570999999994,36.356427000000004
2025-11-02,111.835,4.9516,111.1,91.06,11.124,5.2558,95841.82,174.712208,11.216391999999999,30.416012000000002,25.96,395.746208,173.767396,233.611268,11.762476000000001,59.72252,35.01872
2025-11-09,108.7,4.9438,111.67,86.47,10.47,5.1246,90639.41,207.57509500000003,10.693865,34.58,27.78,371.32004,153.82048500000002,209.14848500000002,13.166335000000002,60.990475,36.27442
2025-11-16,110.25,4.939,113.42,87.79,10.702,5.227,81032.17,199.74186000000003,11.038932,31.129272,31.1,347.90274000000005,149.71820400000001,171.8649,13.000644000000001,61.226064,38.674980000000005
2025-11-23,108.27,4.9346,113.87,85.18,9.802,5.0488,75497.61,221.979915,10.422,29.919825000000003,31.92,339.66166499999997,134.487225,148.07925,12.90591,63.35707500000001,42.565185
2025-11-30,111.465,4.9486,116.7,88.72,10.73,5.1542,77928.7,280.385468,10.804618999999999,31.499819,34.6,370.935591,145.25443499999997,152.78231399999999,14.538377999999998,63.051376,41.243809
2025-12-07,111.72,4.9279,116.48,89.54,11.126,5.1688,77685.34,284.648049,10.82214,25.354727999999998,34.82,390.7995,156.113664,153.734511,15.417254999999999,60.123,41.673828
2025-12-14,110.31,4.9207,117.29,87.07,10.894,5.0698,75155.88,276.248895,10.527012,25.150701,36.88,390.896232,156.346569,150.282465,15.688314000000002,60.061884,42.619068
2025-12-21,110.955,4.9295,119.29,87.71,10.826,5.1188,75692.15,317.164077,10.2468,24.814334,32.32,410.89668,165.127182,140.73979799999998,19.170054999999998,59.824234000000004,43.719680000000004
2025-12-28,111.415,4.9289,121.75,87.98,11.092,5.1186,74619.46,331.880961,10.61625,25.861185000000003,33.22,403.578867,160.27140300000002,134.87733300000002,17.75037,59.34059100000001,44.58825
2026-01-04,111.775,4.9475,120.37,88.12,11.538,5.1928,78186.28,329.429052,10.886832,26.756352,34.08,373.761324,143.218152,134.088912,16.560612,58.973184,43.89714
2026-01-11,114.19,4.94,124.54,89.68,12.188,5.4398,78210.6,301.940064,10.413504,28.259088,36.2,382.35259199999996,152.499408,135.17793600000002,16.513824,60.582192,45.88128
2026-01-18,114.795,4.938,127.36,89.52,12.692,5.522,80573.83,279.5035,10.9474,29.230419999999995,33.78,377.125,147.36752,149.73802,14.36954,60.71928,46.7635
2026-01-25,112.815,4.9294,136.24,88.53,12.882,5.5388,73015.02,286.717307,10.802934,29.247380000000003,38.76,379.590418,143.36288,137.87688300000002,13.482535,61.605464,46.685919
2026-02-01,112.28,4.9397,134.41,87.91,13.368,5.5632,64919.82,330.59540799999996,10.436568999999999,26.112515,36.9,363.13691700000004,123.677983,126.310327,12.444575,63.117197000000004,47.879975
2026-02-08,112.675,4.9409,134.27,85.75,13.026,5.612,59548.04,467.093938,10.213633999999999,30.395504,33.16,347.881282,114.99858,114.177766,12.52376,66.875186,48.825739999999996
2026-02-15,112.255,4.9763,135.83,84.78,13.44,5.6904,58005.29,474.10845,10.32905,29.934025000000002,33.62,351.6932,110.712925,112.7939,14.937525,66.28790000000001,49.294675
2026-02-22,113.76,4.9769,138.38,86.17,13.578,5.8418,57160.86,566.736399,10.532367,32.165729999999996,32.3,349.511634,114.77818800000001,111.22213500000001,12.959649,67.760208,50.370345
2026-03-01,113.535,5.0026,142.32,85.73,13.602,5.874,55947.58,593.250224,10.165264,29.96256,32.34,340.684464,116.117616,109.6088,12.975312,69.03238400000001,50.40312
2026-03-08,112.015,4.9527,140.59,86.86,12.728,5.5054,57278.91,480.6493080000001,10.182081,28.755986999999998,30.02,341.46551100000005,135.267612,114.929271,13.228959,66.308328,47.674173
2026-03-15,111.87,4.9085,141.83,86.88,12.684,5.5178,63718.6,545.24775,10.756052,32.793696,33.96,342.65208,132.217105,122.336953,13.015874,67.742106,43.900107999999996
2026-03-22,108.725,4.8867,127.55,84.59,12.812,5.3448,58702.47,610.42767,11.191389999999998,44.705065999999995,39.3,317.99103199999996,130.217656,117.237372,12.885221999999999,64.59895,40.950117
2026-03-29,107.475,4.8742,126.05,82.16,12.33,5.2966,57481.05,610.461551,10.7588495,44.963912,46.5,314.32172099999997,124.276222,109.48226100000001,12.830699,65.769277,41.966897
2026-04-05,110.38,4.9122,130.1,84.48,12.652,5.4,59955.61,718.310656,11.562397,42.349125,47.8,313.244533,128.96720200000001,104.096321,13.37798,66.646664,43.304695
2026-04-12,112.95,4.9185,130.77,87.24,14.492,5.6988,60606.16,765.5763599999999,11.467008,35.629631999999994,47.04,297.72414,109.260792,109.75564799999998,13.164876,66.097404,42.694128
2026-04-19,116.7,4.9453,132.66,91.98,15.508,5.9756,62908.22,759.9595,12.1295,32.555,47.98,340.527,124.43149999999999,141.542,14.6455,64.37899999999999,43.5795
2026-04-26,116.725,4.9287,129.65,94.4,16.716,5.9728,67227.34,752.03892,11.03782,39.09299,51.5,320.9839,122.05577,145.88006000000001,14.09156,65.36538999999999,44.04892
2026-05-03,117.035,4.9093,126.71,94.51,16.822,5.9572,66944.8,810.385283,11.380353999999999,36.606520999999994,54.45,333.40854199999995,122.906117,151.14372699999998,12.813562,67.036598,43.5081
2026-05-10,119.545,4.9254,128.71,100.46,19.238,6.328,69856.19,766.69354,10.849757,35.03479,63.35,363.36930500000005,116.89574000000002,159.132597,12.062826000000001,66.52368600000001,43.33964700000001
2026-05-17,121.06,4.878,125.76,102.46,19.168,6.1794,66677.32,834.89907,10.476018,53.119775999999995,63.3,363.168624,115.244799,152.598942,11.860778999999999,69.51328199999999,43.942509
2026-05-24,122.85,4.8961,125.31,103.86,20.02,6.2706,66148.15,816.03842,9.996879999999999,53.388510000000004,67.7,367.135418,117.963184,137.79320199999998,12.254796,70.219464,45.968412
2026-05-31,123.42,4.9342,126.02,105.7,21.34,6.4642,63168.29,733.213696,9.939584,65.47776,65.75,373.73350400000004,134.248704,136.435584,13.97888,67.758976,44.93824
2026-06-07,123.335,4.91,121.12,104.52,20.63,6.2652,54979.77,749.484148,9.771428,54.818926000000005,59.7,339.3098,117.61293400000001,104.517832,14.188530000000002,68.972744,44.674344
2026-06-14,122.9,4.9237,117.21,104.36,22.17,6.4486,56654.39,796.5964639999999,9.534332,52.555519999999994,49.5,351.318092,110.63455599999999,107.159668,14.487344,71.416728,44.64626
2026-06-21,124.805,4.9253,116.43,107.76,23.805,6.7016,55174.51,734.74,8.894675999999999,50.178419999999996,58.6,346.183556,111.04946799999999,97.270932,14.279887999999998,68.62471599999999,42.995256
2026-06-28,123.75,4.9552,115.13,104.54,22.62,6.4828,52233.81,717.553534,8.229671,45.452025,53.95,333.49929299999997,99.186419,72.292873,13.727829,72.57392899999999,45.443242
2026-07-05,125.76,4.9312,117.14,105.5,22.175,6.5086,55609.4,639.683456,8.905962,46.005354000000004,60.15,345.56713499999995,113.56419000000001,88.50629099999999,16.362728999999998,73.900162,46.585032
2026-07-12,126.145,4.915,115.43,105.82,21.78,6.4408,55901.4,702.640961,9.470641,48.343198,54.15,357.238536,111.080719,82.914104,15.314228,73.145589,45.46959
2026-07-19,124.88,4.9111,112.79,101.68,19.378,6.0992,56613.04,640.5579620000001,9.886071000000001,46.738127,61.55,332.89224399999995,115.713358,82.908385,15.257415499999999,71.291596,45.10356
2026-07-26,125.31,4.8919,115.11,101.36,19.874,6.1814,57351.73,671.1260040000001,9.781152,37.470960000000005,56.85,275.341188,108.12043200000001,80.63293200000001,13.932864,72.3471,48.11412000000001
2026-08-02,124.29,4.88,112.93,99.32,18.792,6.1078,55044.8,619.271556,10.339407999999999,35.73688,52.85,269.94355399999995,106.742244,80.91107199999999,13.201827999999999,75.975566,47.420758
2026-08-09,128.65,4.9075,121.1,104.64,19.942,6.2664,56102.4,770.086067,9.957301,27.475576,54.55,284.254558,148.805851,86.518651,13.8416,75.306955,49.535626
2026-08-16,128.865,4.8946,121.83,105.24,20.395,6.3506,54302.78,800.370188,9.730891999999999,28.017364,58.0,295.78973399999995,150.40536799999998,80.405168,13.274111999999999,75.798982,47.116184000000004
2026-08-20,126.145,4.8899,124.62,101.8,19.492,6.2696,63000.26,752.4372741928,9.943727966199999,26.442443559,57.6,295.3424124763,148.8649670396,96.1769006989,13.700437585100001,77.444697155,48.9912586975
